eval_mode,feature_set,model,acc,f1_macro,f1_weighted,precision_macro,recall_macro,fit_time_s,predict_time_s,best_cv,best_params
split,A — Stats,SVM,0.7866666666666666,0.786745668641716,0.7867456686417159,0.7868493516018268,0.7866666666666666,438.8779616355896,0.0015006065368652344,0.7955525499744527,"{'C': 100, 'coef0': 0.5, 'degree': 2, 'gamma': 1, 'kernel': 'poly'}"
split,A — Stats,KNN,0.74,0.7427141311409896,0.7427141311409897,0.7502711147872438,0.7399999999999999,1.6111440658569336,0.035248756408691406,0.749456495677747,"{'metric': 'chebyshev', 'n_neighbors': 9, 'p': 1, 'weights': 'uniform'}"
split,A — Stats,RF,0.7633333333333333,0.7639923549897228,0.7639923549897227,0.76483897631728,0.7633333333333333,8992.03731918335,0.0617368221282959,0.756824933046896,"{'bootstrap': True, 'criterion': 'entropy', 'max_depth': None, 'max_features': None, 'min_samples_leaf': 1, 'min_samples_split': 2, 'n_estimators': 100}"
split,A — Stats,XGBoost,0.77,0.7692793580407143,0.7692793580407143,0.7699427907032881,0.77,746.2296407222748,0.005979776382446289,0.7670828423220486,"{'colsample_bytree': 1.0, 'gamma': 0, 'learning_rate': 0.05, 'max_depth': 6, 'min_child_weight': 5, 'n_estimators': 800, 'subsample': 1.0}"
split,A — Stats,LightGBM,0.74,0.739407466720048,0.739407466720048,0.7396306704134886,0.7399999999999999,437.03184843063354,0.001506805419921875,0.7609348199468823,"{'colsample_bytree': 1.0, 'learning_rate': 0.05, 'max_depth': -1, 'min_child_samples': 20, 'n_estimators': 300, 'num_leaves': 15, 'subsample': 0.8}"
split,A — Stats,LR,0.7766666666666666,0.7770349808260177,0.777034980826018,0.7795570079883806,0.7766666666666667,6.512337684631348,0.0009951591491699219,0.7622003728493678,"{'lr__C': 100, 'lr__class_weight': 'balanced', 'lr__penalty': 'l1'}"
split,A — Stats,MLP,0.76,0.7579141165348062,0.7579141165348062,0.7595949450987951,0.7600000000000001,114.56264781951904,0.002008199691772461,0.7710344384725569,"{'activation': 'relu', 'alpha': 0.01, 'batch_size': 64, 'early_stopping': True, 'hidden_layer_sizes': (512, 256), 'learning_rate_init': 0.001, 'max_iter': 500}"
split,A — Stats,ExtraTrees,0.7833333333333333,0.7828013244016944,0.7828013244016943,0.7830247210722806,0.7833333333333333,23.864023685455322,0.07910418510437012,0.7561217431577079,"{'criterion': 'gini', 'max_features': None, 'min_samples_leaf': 1, 'min_samples_split': 2, 'n_estimators': 500}"
split,B — Tex(opt),SVM,0.8,0.8000514668039114,0.8000514668039114,0.8004445165390326,0.7999999999999999,375.6844880580902,0.003147125244140625,0.8214921491586464,"{'C': 100, 'coef0': 1.0, 'degree': 3, 'gamma': 0.01, 'kernel': 'poly'}"
split,B — Tex(opt),KNN,0.75,0.7481540905453948,0.7481540905453948,0.7507771194320579,0.75,2.598923683166504,2.9491889476776123,0.7860596492786351,"{'metric': 'minkowski', 'n_neighbors': 11, 'p': 4, 'weights': 'distance'}"
split,B — Tex(opt),RF,0.8233333333333334,0.8227642276422764,0.8227642276422764,0.8243386243386244,0.8233333333333334,8588.130464076996,0.07985234260559082,0.8002778698632905,"{'bootstrap': False, 'criterion': 'entropy', 'max_depth': 20, 'max_features': 'sqrt', 'min_samples_leaf': 1, 'min_samples_split': 2, 'n_estimators': 800}"
split,B — Tex(opt),XGBoost,0.8266666666666667,0.8268205261821729,0.8268205261821729,0.8293028322440087,0.8266666666666667,1245.8935112953186,0.002000093460083008,0.8150135637996028,"{'colsample_bytree': 0.8, 'gamma': 0.1, 'learning_rate': 0.05, 'max_depth': 4, 'min_child_weight': 3, 'n_estimators': 300, 'subsample': 0.7}"
split,B — Tex(opt),LightGBM,0.8266666666666667,0.826272999572101,0.826272999572101,0.828042328042328,0.8266666666666667,428.52180337905884,0.003512144088745117,0.8093401318435831,"{'colsample_bytree': 0.8, 'learning_rate': 0.1, 'max_depth': -1, 'min_child_samples': 10, 'n_estimators': 500, 'num_leaves': 31, 'subsample': 0.8}"
split,B — Tex(opt),LR,0.7866666666666666,0.787114155701214,0.7871141557012139,0.7882383453284056,0.7866666666666667,1.3900506496429443,0.000606536865234375,0.7829327920901689,"{'lr__C': 1, 'lr__class_weight': 'balanced', 'lr__penalty': 'l2'}"
split,B — Tex(opt),MLP,0.8033333333333333,0.804308325497868,0.804308325497868,0.806425426131133,0.8033333333333333,144.01726579666138,0.002434253692626953,0.8146390079065906,"{'activation': 'relu', 'alpha': 0.0001, 'batch_size': 128, 'early_stopping': True, 'hidden_layer_sizes': (512, 256), 'learning_rate_init': 0.001, 'max_iter': 500}"
split,B — Tex(opt),ExtraTrees,0.82,0.819164312210498,0.819164312210498,0.8214889212552764,0.82,26.30584692955017,0.0929868221282959,0.8057503324777906,"{'criterion': 'gini', 'max_features': None, 'min_samples_leaf': 1, 'min_samples_split': 5, 'n_estimators': 500}"
split,C — DWT(opt),SVM,0.7033333333333334,0.7030519422760592,0.703051942276059,0.7048071587825228,0.7033333333333335,599.1458423137665,0.0021088123321533203,0.7291476151680905,"{'C': 1, 'coef0': 0.5, 'degree': 3, 'gamma': 'auto', 'kernel': 'poly'}"
split,C — DWT(opt),KNN,0.7,0.6932036580573714,0.6932036580573714,0.7070543787935092,0.7000000000000001,1.6488323211669922,0.0,0.6938666507175789,"{'metric': 'manhattan', 'n_neighbors': 15, 'p': 1, 'weights': 'distance'}"
split,C — DWT(opt),RF,0.7566666666666667,0.753984801619124,0.7539848016191241,0.7587823066917879,0.7566666666666667,11166.098271131516,0.11585593223571777,0.7250553635004633,"{'bootstrap': False, 'criterion': 'entropy', 'max_depth': None, 'max_features': 'sqrt', 'min_samples_leaf': 2, 'min_samples_split': 2, 'n_estimators': 1000}"
split,C — DWT(opt),XGBoost,0.7233333333333334,0.7212526724020977,0.7212526724020977,0.7215421122733584,0.7233333333333333,1012.8386387825012,0.0010027885437011719,0.7312208401113396,"{'colsample_bytree': 1.0, 'gamma': 0, 'learning_rate': 0.1, 'max_depth': 6, 'min_child_weight': 3, 'n_estimators': 100, 'subsample': 1.0}"
split,C — DWT(opt),LightGBM,0.7166666666666667,0.7143692564745195,0.7143692564745198,0.7144781144781144,0.7166666666666667,451.11026549339294,0.0020034313201904297,0.7309705095656482,"{'colsample_bytree': 0.8, 'learning_rate': 0.05, 'max_depth': -1, 'min_child_samples': 20, 'n_estimators': 100, 'num_leaves': 15, 'subsample': 0.8}"
split,C — DWT(opt),LR,0.6966666666666667,0.6940201330245541,0.6940201330245541,0.6970043462491317,0.6966666666666667,0.9072690010070801,0.0013256072998046875,0.706730531915887,"{'lr__C': 1, 'lr__class_weight': 'balanced', 'lr__penalty': 'l2'}"
split,C — DWT(opt),MLP,0.6966666666666667,0.6918848070639464,0.6918848070639464,0.6960830835830835,0.6966666666666667,135.2031581401825,0.0035119056701660156,0.7287387771956213,"{'activation': 'tanh', 'alpha': 0.01, 'batch_size': 32, 'early_stopping': True, 'hidden_layer_sizes': (512, 256), 'learning_rate_init': 0.001, 'max_iter': 500}"
split,C — DWT(opt),ExtraTrees,0.7633333333333333,0.7599814881120542,0.7599814881120543,0.7641546753696287,0.7633333333333333,25.456583738327026,0.06215310096740723,0.7407418057043815,"{'criterion': 'entropy', 'max_features': None, 'min_samples_leaf': 1, 'min_samples_split': 2, 'n_estimators': 500}"
split,D — HOG,SVM,0.9033333333333333,0.9031871069595447,0.9031871069595447,0.9039644085989146,0.9033333333333333,495.9263925552368,0.01930522918701172,0.8772040138264297,"{'C': 0.1, 'coef0': 1.0, 'degree': 3, 'gamma': 0.01, 'kernel': 'poly'}"
split,D — HOG,KNN,0.8966666666666666,0.8966719300518285,0.8966719300518287,0.8970602764159912,0.8966666666666666,32.558269739151,0.037988901138305664,0.8540554927325598,"{'metric': 'manhattan', 'n_neighbors': 1, 'p': 1, 'weights': 'uniform'}"
split,D — HOG,RF,0.8466666666666667,0.846316372355434,0.8463163723554339,0.8508878357544568,0.8466666666666667,151480.92072343826,0.0621030330657959,0.8409042334302892,"{'bootstrap': False, 'criterion': 'gini', 'max_depth': None, 'max_features': 'sqrt', 'min_samples_leaf': 1, 'min_samples_split': 2, 'n_estimators': 500}"
split,D — HOG,XGBoost,0.8633333333333333,0.8626253606932281,0.8626253606932281,0.8683312944847441,0.8633333333333333,1968.6981432437897,0.004520893096923828,0.8464426915314837,"{'colsample_bytree': 1.0, 'gamma': 0, 'learning_rate': 0.1, 'max_depth': 3, 'min_child_weight': 1, 'n_estimators': 500, 'subsample': 0.8}"
split,D — HOG,LightGBM,0.8533333333333334,0.8521518033713157,0.8521518033713156,0.8561667091078856,0.8533333333333334,2147.4861254692078,0.0,0.8452004578502905,"{'colsample_bytree': 0.8, 'learning_rate': 0.1, 'max_depth': 6, 'min_child_samples': 20, 'n_estimators': 300, 'num_leaves': 15, 'subsample': 0.8}"
split,D — HOG,LR,0.8133333333333334,0.8136238105997841,0.8136238105997841,0.8184772657918828,0.8133333333333334,87.26685523986816,0.0009992122650146484,0.7804927562300565,"{'lr__C': 0.01, 'lr__class_weight': 'balanced', 'lr__penalty': 'l2'}"
split,D — HOG,MLP,0.8766666666666667,0.8767335004177109,0.8767335004177109,0.8796296296296297,0.8766666666666666,454.5312087535858,0.0010001659393310547,0.8384935848018502,"{'activation': 'relu', 'alpha': 0.01, 'batch_size': 32, 'early_stopping': True, 'hidden_layer_sizes': (256, 128), 'learning_rate_init': 0.001, 'max_iter': 500}"
split,D — HOG,ExtraTrees,0.87,0.8690904951774517,0.8690904951774517,0.8734374469760212,0.8700000000000001,140.1753523349762,0.07777285575866699,0.8384816997323178,"{'criterion': 'gini', 'max_features': None, 'min_samples_leaf': 1, 'min_samples_split': 2, 'n_estimators': 500}"
split,A+B,SVM,0.8333333333333334,0.8338684520675042,0.8338684520675043,0.8377204170462598,0.8333333333333334,105.48182702064514,0.0,0.8473751371504097,"{'C': 10, 'coef0': 1.0, 'degree': 3, 'gamma': 0.01, 'kernel': 'poly'}"
split,A+B,KNN,0.81,0.8092904564940971,0.8092904564940971,0.8142213642213642,0.81,2.7430148124694824,0.01592397689819336,0.8324876609813918,"{'metric': 'manhattan', 'n_neighbors': 5, 'p': 1, 'weights': 'distance'}"
split,A+B,RF,0.8433333333333334,0.843363296260559,0.8433632962605591,0.8441782000963989,0.8433333333333333,10949.9898250103,0.019895315170288086,0.8391963104685363,"{'bootstrap': True, 'criterion': 'entropy', 'max_depth': None, 'max_features': 'log2', 'min_samples_leaf': 1, 'min_samples_split': 2, 'n_estimators': 100}"
split,A+B,XGBoost,0.8433333333333334,0.843514171187613,0.843514171187613,0.8437233723372337,0.8433333333333333,56.27371001243591,0.0055081844329833984,0.845479740423106,"{'colsample_bytree': 1.0, 'gamma': 0, 'learning_rate': 0.05, 'max_depth': 6, 'min_child_weight': 1, 'n_estimators': 500, 'subsample': 0.8}"
split,A+B,LightGBM,0.8466666666666667,0.8469589297033998,0.8469589297033997,0.8482403318613675,0.8466666666666667,1416.8113605976105,0.0020012855529785156,0.8412911000223706,"{'colsample_bytree': 0.8, 'learning_rate': 0.1, 'max_depth': -1, 'min_child_samples': 20, 'n_estimators': 100, 'num_leaves': 31, 'subsample': 0.8}"
split,A+B,LR,0.8066666666666666,0.8058812025690311,0.8058812025690312,0.8054527564836844,0.8066666666666666,5.6724255084991455,0.0010097026824951172,0.8184172833120684,"{'lr__C': 100, 'lr__class_weight': 'balanced', 'lr__penalty': 'l1'}"
split,A+B,MLP,0.8466666666666667,0.8452317613763695,0.8452317613763696,0.8544674163992759,0.8466666666666667,151.70761227607727,0.0031464099884033203,0.8509202842585222,"{'activation': 'relu', 'alpha': 0.01, 'batch_size': 128, 'early_stopping': True, 'hidden_layer_sizes': (512, 256), 'learning_rate_init': 0.001, 'max_iter': 500}"
split,A+B,ExtraTrees,0.85,0.8504595655889733,0.8504595655889733,0.8538918230247808,0.8500000000000001,27.407737016677856,0.06150484085083008,0.8437125238805262,"{'criterion': 'gini', 'max_features': None, 'min_samples_leaf': 1, 'min_samples_split': 5, 'n_estimators': 300}"
split,B+C(opt),SVM,0.8333333333333334,0.8346522511135187,0.8346522511135187,0.8392826525721769,0.8333333333333334,134.1695659160614,0.0025997161865234375,0.830898685900636,"{'C': 1, 'coef0': 1.0, 'degree': 4, 'gamma': 0.01, 'kernel': 'poly'}"
split,B+C(opt),KNN,0.7866666666666666,0.7834396569535512,0.7834396569535513,0.7895649114366453,0.7866666666666667,3.0589070320129395,0.02186751365661621,0.8059613062904845,"{'metric': 'manhattan', 'n_neighbors': 11, 'p': 1, 'weights': 'distance'}"
split,B+C(opt),RF,0.8166666666666667,0.8163317200966432,0.8163317200966433,0.8227111987774105,0.8166666666666668,11980.486878871918,0.04841756820678711,0.8183084809815618,"{'bootstrap': False, 'criterion': 'entropy', 'max_depth': 10, 'max_features': 'log2', 'min_samples_leaf': 1, 'min_samples_split': 5, 'n_estimators': 300}"
split,B+C(opt),XGBoost,0.8533333333333334,0.8534397241756025,0.8534397241756024,0.8560439560439561,0.8533333333333334,64.25887632369995,0.0030002593994140625,0.8424551715102476,"{'colsample_bytree': 1.0, 'gamma': 0, 'learning_rate': 0.1, 'max_depth': 6, 'min_child_weight': 5, 'n_estimators': 300, 'subsample': 0.8}"
split,B+C(opt),LightGBM,0.8533333333333334,0.8532642435981118,0.8532642435981119,0.8557072557072557,0.8533333333333334,426.55199909210205,0.002504110336303711,0.8328237079429563,"{'colsample_bytree': 0.8, 'learning_rate': 0.1, 'max_depth': -1, 'min_child_samples': 10, 'n_estimators': 300, 'num_leaves': 31, 'subsample': 0.8}"
split,B+C(opt),LR,0.7966666666666666,0.7961112920029629,0.796111292002963,0.7959067946181348,0.7966666666666667,5.380501747131348,0.0,0.7995984706136625,"{'lr__C': 1, 'lr__class_weight': 'balanced', 'lr__l1_ratio': 0.5, 'lr__penalty': 'elasticnet'}"
split,B+C(opt),MLP,0.8066666666666666,0.8078619056783826,0.8078619056783828,0.8115087297068472,0.8066666666666666,150.270117521286,0.002043485641479492,0.8422947703138746,"{'activation': 'relu', 'alpha': 0.01, 'batch_size': 32, 'early_stopping': True, 'hidden_layer_sizes': (512, 256), 'learning_rate_init': 0.0005, 'max_iter': 500}"
split,B+C(opt),ExtraTrees,0.83,0.8309112806101967,0.8309112806101967,0.8357142857142857,0.83,28.41479730606079,0.045070648193359375,0.832778883619269,"{'criterion': 'entropy', 'max_features': None, 'min_samples_leaf': 2, 'min_samples_split': 2, 'n_estimators': 300}"
split,A+B+C(opt),SVM,0.85,0.851466049382716,0.8514660493827161,0.8579460269865068,0.85,191.90812015533447,0.0020134449005126953,0.8428442551845482,"{'C': 0.1, 'coef0': 0.5, 'degree': 3, 'gamma': 0.1, 'kernel': 'poly'}"
split,A+B+C(opt),KNN,0.77,0.7705371216384833,0.7705371216384833,0.7724376380290359,0.77,3.565256118774414,0.022106647491455078,0.821785545828126,"{'metric': 'euclidean', 'n_neighbors': 9, 'p': 1, 'weights': 'uniform'}"
split,A+B+C(opt),RF,0.8566666666666667,0.8568842770914924,0.8568842770914925,0.8590391344651928,0.8566666666666666,13925.797716140747,0.03252053260803223,0.8384148366922222,"{'bootstrap': False, 'criterion': 'entropy', 'max_depth': 10, 'max_features': 'log2', 'min_samples_leaf': 2, 'min_samples_split': 2, 'n_estimators': 50}"
split,A+B+C(opt),XGBoost,0.8533333333333334,0.8533149401283174,0.8533149401283174,0.8534906558484922,0.8533333333333334,78.38165712356567,0.005017757415771484,0.8473488626311475,"{'colsample_bytree': 1.0, 'gamma': 0, 'learning_rate': 0.1, 'max_depth': 4, 'min_child_weight': 1, 'n_estimators': 500, 'subsample': 0.8}"
split,A+B+C(opt),LightGBM,0.8466666666666667,0.8466723696750035,0.8466723696750036,0.8472658703117276,0.8466666666666667,426.1392138004303,0.002004861831665039,0.8467573839266358,"{'colsample_bytree': 1.0, 'learning_rate': 0.1, 'max_depth': -1, 'min_child_samples': 20, 'n_estimators': 100, 'num_leaves': 15, 'subsample': 0.8}"
split,A+B+C(opt),LR,0.7933333333333333,0.79254406699534,0.7925440669953401,0.7923170454697291,0.7933333333333333,7.606730699539185,0.001001596450805664,0.8149072151322031,"{'lr__C': 1, 'lr__class_weight': 'balanced', 'lr__l1_ratio': 0.5, 'lr__penalty': 'elasticnet'}"
split,A+B+C(opt),MLP,0.81,0.8098800685322672,0.8098800685322673,0.8118999623716605,0.81,145.2867660522461,0.003712177276611328,0.842497801827774,"{'activation': 'relu', 'alpha': 0.0001, 'batch_size': 128, 'early_stopping': True, 'hidden_layer_sizes': (512, 256, 128), 'learning_rate_init': 0.001, 'max_iter': 500}"
split,A+B+C(opt),ExtraTrees,0.8433333333333334,0.844236231266247,0.844236231266247,0.8484627323953168,0.8433333333333334,29.741206169128418,0.06360983848571777,0.8452270603307266,"{'criterion': 'entropy', 'max_features': None, 'min_samples_leaf': 1, 'min_samples_split': 2, 'n_estimators': 500}"
split,Full(opt),SVM,0.92,0.9204011756506985,0.9204011756506982,0.922762238958916,0.9199999999999999,544.5222520828247,0.017490386962890625,0.9013311801092587,"{'C': 10, 'coef0': 0.5, 'degree': 2, 'gamma': 'scale', 'kernel': 'poly'}"
split,Full(opt),KNN,0.9,0.9001575831250985,0.9001575831250985,0.9009409949092074,0.9,35.43197727203369,0.03333926200866699,0.8888878844477588,"{'metric': 'manhattan', 'n_neighbors': 1, 'p': 1, 'weights': 'uniform'}"
split,Full(opt),RF,0.8733333333333333,0.8727989656806585,0.8727989656806585,0.8769020018219932,0.8733333333333334,150025.8609163761,0.043129682540893555,0.877802385336331,"{'bootstrap': False, 'criterion': 'entropy', 'max_depth': 10, 'max_features': 'sqrt', 'min_samples_leaf': 2, 'min_samples_split': 2, 'n_estimators': 100}"
split,Full(opt),XGBoost,0.88,0.8799689247275243,0.8799689247275243,0.8807657542012987,0.8799999999999999,1998.3196368217468,0.00450587272644043,0.8775471302481735,"{'colsample_bytree': 0.8, 'gamma': 0, 'learning_rate': 0.1, 'max_depth': 4, 'min_child_weight': 1, 'n_estimators': 500, 'subsample': 0.8}"
split,Full(opt),LightGBM,0.8933333333333333,0.8938161701650197,0.8938161701650197,0.8963843997749062,0.8933333333333332,1919.7116537094116,0.0030145645141601562,0.8790986970910633,"{'colsample_bytree': 1.0, 'learning_rate': 0.1, 'max_depth': -1, 'min_child_samples': 20, 'n_estimators': 300, 'num_leaves': 15, 'subsample': 0.8}"
split,Full(opt),LR,0.87,0.870207186467821,0.870207186467821,0.8714331593737454,0.87,112.98803949356079,0.0010006427764892578,0.8459321230652508,"{'lr__C': 0.1, 'lr__class_weight': 'balanced', 'lr__penalty': 'l1'}"
split,Full(opt),MLP,0.8833333333333333,0.8839082299586501,0.8839082299586501,0.8849679487179487,0.8833333333333333,514.551634311676,0.002000093460083008,0.8775806352864202,"{'activation': 'relu', 'alpha': 0.0001, 'batch_size': 64, 'early_stopping': True, 'hidden_layer_sizes': (256, 128), 'learning_rate_init': 0.0005, 'max_iter': 500}"
split,Full(opt),ExtraTrees,0.8766666666666667,0.8765377127392145,0.8765377127392147,0.8798238798238799,0.8766666666666666,137.2177448272705,0.07776284217834473,0.8828898945454128,"{'criterion': 'gini', 'max_features': None, 'min_samples_leaf': 1, 'min_samples_split': 5, 'n_estimators': 500}"
cv_1,A — Stats,SVM,0.8,0.8020202020202021,0.8020202020202021,0.8058155303551423,0.7999999999999999,254.14293813705444,0.001741647720336914,0.8020202020202021,"{'C': 10, 'coef0': 0.5, 'degree': 3, 'gamma': 1, 'kernel': 'poly'}"
cv_1,A — Stats,KNN,0.75,0.7535107582766734,0.7535107582766735,0.7619390176182543,0.75,0.3483121395111084,0.018563032150268555,0.7535107582766734,"{'metric': 'minkowski', 'n_neighbors': 9, 'p': 4, 'weights': 'distance'}"
cv_1,A — Stats,RF,0.775,0.7757627914254419,0.7757627914254421,0.7780641106222501,0.775,1405.5335421562195,0.031148910522460938,0.7757627914254419,"{'bootstrap': False, 'criterion': 'entropy', 'max_depth': None, 'max_features': 'sqrt', 'min_samples_leaf': 1, 'min_samples_split': 2, 'n_estimators': 200}"
cv_1,A — Stats,XGBoost,0.7583333333333333,0.7606543246155354,0.7606543246155354,0.76640826873385,0.7583333333333333,5.704339504241943,0.0045087337493896484,0.7738063092312304,"{'colsample_bytree': 0.8, 'gamma': 0, 'learning_rate': 0.05, 'max_depth': 6, 'min_child_weight': 1, 'n_estimators': 500, 'subsample': 0.8}"
cv_1,A — Stats,LightGBM,0.775,0.7770293786367181,0.7770293786367181,0.7818835117739219,0.775,90.58205103874207,0.0009999275207519531,0.7770293786367181,"{'colsample_bytree': 0.8, 'learning_rate': 0.05, 'max_depth': -1, 'min_child_samples': 20, 'n_estimators': 300, 'num_leaves': 15, 'subsample': 0.8}"
cv_1,A — Stats,LR,0.7541666666666667,0.7567491185670069,0.7567491185670069,0.7614976244848676,0.7541666666666668,0.7275638580322266,0.0,0.7567491185670069,"{'lr__C': 1, 'lr__class_weight': 'balanced', 'lr__penalty': 'l1'}"
cv_1,A — Stats,MLP,0.7791666666666667,0.7815955659758717,0.7815955659758717,0.7874071874071875,0.7791666666666667,29.745028734207153,0.0009999275207519531,0.7815955659758717,"{'activation': 'relu', 'alpha': 0.001, 'batch_size': 128, 'early_stopping': True, 'hidden_layer_sizes': (512, 256, 128), 'learning_rate_init': 0.001, 'max_iter': 500}"
cv_1,A — Stats,ExtraTrees,0.7625,0.7652637977288501,0.76526379772885,0.7709087269604976,0.7624999999999998,5.231561183929443,0.07890868186950684,0.7652637977288501,"{'criterion': 'gini', 'max_features': None, 'min_samples_leaf': 1, 'min_samples_split': 2, 'n_estimators': 500}"
cv_1,B — Tex(opt),SVM,0.8291666666666667,0.8297644511664863,0.8297644511664863,0.8331959074709697,0.8291666666666666,145.77694177627563,0.004015922546386719,0.8297644511664863,"{'C': 100, 'gamma': 0.01, 'kernel': 'rbf'}"
cv_1,B — Tex(opt),KNN,0.7791666666666667,0.7810379954658943,0.7810379954658943,0.7878894760754681,0.7791666666666667,0.5932707786560059,0.03213167190551758,0.7810379954658943,"{'metric': 'minkowski', 'n_neighbors': 11, 'p': 3, 'weights': 'distance'}"
cv_1,B — Tex(opt),RF,0.7958333333333333,0.7960813257754684,0.7960813257754684,0.8043708360197721,0.7958333333333334,1741.328509092331,0.04711318016052246,0.7960813257754684,"{'bootstrap': True, 'criterion': 'gini', 'max_depth': None, 'max_features': 'sqrt', 'min_samples_leaf': 1, 'min_samples_split': 5, 'n_estimators': 300}"
cv_1,B — Tex(opt),XGBoost,0.7916666666666666,0.7924079438669617,0.7924079438669616,0.7960230355515522,0.7916666666666666,7.891466856002808,0.004024505615234375,0.8213654434520139,"{'colsample_bytree': 1.0, 'gamma': 0, 'learning_rate': 0.05, 'max_depth': 4, 'min_child_weight': 1, 'n_estimators': 500, 'subsample': 0.8}"
cv_1,B — Tex(opt),LightGBM,0.8083333333333333,0.8087920444287452,0.8087920444287452,0.8142823963476138,0.8083333333333332,88.91210293769836,0.0030007362365722656,0.8087920444287452,"{'colsample_bytree': 0.8, 'learning_rate': 0.1, 'max_depth': -1, 'min_child_samples': 20, 'n_estimators': 300, 'num_leaves': 15, 'subsample': 0.8}"
cv_1,B — Tex(opt),LR,0.7833333333333333,0.7838597039816552,0.7838597039816552,0.7850250626566416,0.7833333333333332,0.44956541061401367,0.0,0.7838597039816552,"{'lr__C': 0.1, 'lr__class_weight': 'balanced', 'lr__penalty': 'l2'}"
cv_1,B — Tex(opt),MLP,0.8416666666666667,0.8423777324214603,0.8423777324214605,0.8580887758685014,0.8416666666666667,27.073588609695435,0.0,0.8423777324214603,"{'activation': 'relu', 'alpha': 0.001, 'batch_size': 64, 'early_stopping': True, 'hidden_layer_sizes': (256, 128), 'learning_rate_init': 0.001, 'max_iter': 500}"
cv_1,B — Tex(opt),ExtraTrees,0.7916666666666666,0.7928827986370219,0.7928827986370218,0.8038336234212523,0.7916666666666666,5.899417161941528,0.04663419723510742,0.7928827986370219,"{'criterion': 'gini', 'max_features': 'sqrt', 'min_samples_leaf': 1, 'min_samples_split': 2, 'n_estimators': 100}"
cv_1,C — DWT(opt),SVM,0.7416666666666667,0.7400666011241553,0.7400666011241553,0.7421348849384831,0.7416666666666667,261.3726909160614,0.0055468082427978516,0.7400666011241553,"{'C': 100, 'coef0': 0.5, 'degree': 4, 'gamma': 0.01, 'kernel': 'poly'}"
cv_1,C — DWT(opt),KNN,0.7458333333333333,0.7450868878047218,0.7450868878047218,0.7484109867967268,0.7458333333333332,0.5657129287719727,0.015692949295043945,0.7450868878047218,"{'metric': 'manhattan', 'n_neighbors': 9, 'p': 1, 'weights': 'distance'}"
cv_1,C — DWT(opt),RF,0.7625,0.7620173318591142,0.7620173318591142,0.7635351864976245,0.7624999999999998,1577.6525180339813,0.06375360488891602,0.7620173318591142,"{'bootstrap': True, 'criterion': 'gini', 'max_depth': None, 'max_features': 'sqrt', 'min_samples_leaf': 1, 'min_samples_split': 2, 'n_estimators': 500}"
cv_1,C — DWT(opt),XGBoost,0.775,0.7740840083817666,0.7740840083817666,0.7747244326554671,0.775,6.669439315795898,0.003000020980834961,0.7740840083817666,"{'colsample_bytree': 0.8, 'gamma': 0, 'learning_rate': 0.1, 'max_depth': 6, 'min_child_weight': 5, 'n_estimators': 300, 'subsample': 1.0}"
cv_1,C — DWT(opt),LightGBM,0.7625,0.7626368506871651,0.7626368506871651,0.7628897807965421,0.7625000000000001,92.59726190567017,0.002505064010620117,0.7626368506871651,"{'colsample_bytree': 1.0, 'learning_rate': 0.1, 'max_depth': -1, 'min_child_samples': 20, 'n_estimators': 300, 'num_leaves': 31, 'subsample': 0.8}"
cv_1,C — DWT(opt),LR,0.7041666666666667,0.7003813066667716,0.7003813066667716,0.7029245959158349,0.7041666666666666,0.3332974910736084,0.0,0.7003813066667716,"{'lr__C': 0.1, 'lr__class_weight': 'balanced', 'lr__penalty': 'l2'}"
cv_1,C — DWT(opt),MLP,0.7625,0.75864655387949,0.75864655387949,0.7653135193910837,0.7624999999999998,24.30631709098816,0.002000093460083008,0.75864655387949,"{'activation': 'tanh', 'alpha': 0.0001, 'batch_size': 64, 'early_stopping': True, 'hidden_layer_sizes': (512, 256, 128), 'learning_rate_init': 0.001, 'max_iter': 500}"
cv_1,C — DWT(opt),ExtraTrees,0.7791666666666667,0.7778849381663323,0.7778849381663322,0.7804747648975331,0.7791666666666668,6.134608030319214,0.04723834991455078,0.7778849381663323,"{'criterion': 'entropy', 'max_features': None, 'min_samples_leaf': 2, 'min_samples_split': 5, 'n_estimators': 300}"
cv_1,D — HOG,SVM,0.8875,0.8878385972799819,0.887838597279982,0.8891887125220458,0.8875000000000001,94.99715924263,0.012092351913452148,0.8878385972799819,"{'C': 1, 'coef0': 1.0, 'degree': 2, 'gamma': 0.01, 'kernel': 'poly'}"
cv_1,D — HOG,KNN,0.8416666666666667,0.8407717270053747,0.8407717270053747,0.8452986857825566,0.8416666666666667,9.994627237319946,0.029763460159301758,0.8407717270053747,"{'metric': 'manhattan', 'n_neighbors': 3, 'p': 1, 'weights': 'distance'}"
cv_1,D — HOG,RF,0.8708333333333333,0.8710875078871352,0.8710875078871351,0.8740598836384277,0.8708333333333332,31626.02099752426,0.047101736068725586,0.8710875078871352,"{'bootstrap': False, 'criterion': 'entropy', 'max_depth': None, 'max_features': 'log2', 'min_samples_leaf': 2, 'min_samples_split': 5, 'n_estimators': 300}"
cv_1,D — HOG,XGBoost,0.8375,0.8375079773772584,0.8375079773772584,0.8393191957705234,0.8375,400.36517548561096,0.004509449005126953,0.8548271010340471,"{'colsample_bytree': 1.0, 'gamma': 0, 'learning_rate': 0.05, 'max_depth': 6, 'min_child_weight': 1, 'n_estimators': 300, 'subsample': 0.8}"
cv_1,D — HOG,LightGBM,0.8416666666666667,0.8420731951816091,0.842073195181609,0.8442078817553318,0.8416666666666667,384.40509963035583,0.0035092830657958984,0.8420731951816091,"{'colsample_bytree': 0.8, 'learning_rate': 0.05, 'max_depth': 6, 'min_child_samples': 10, 'n_estimators': 300, 'num_leaves': 31, 'subsample': 0.8}"
cv_1,D — HOG,LR,0.8,0.8009259259259259,0.8009259259259259,0.8110795454545454,0.8000000000000002,20.04917311668396,0.001001596450805664,0.8009259259259259,"{'lr__C': 0.01, 'lr__class_weight': 'balanced', 'lr__l1_ratio': 0.1, 'lr__penalty': 'elasticnet'}"
cv_1,D — HOG,MLP,0.8541666666666666,0.8539988650150679,0.8539988650150679,0.8560633496037369,0.8541666666666666,96.67836213111877,0.002003192901611328,0.8539988650150679,"{'activation': 'relu', 'alpha': 0.001, 'batch_size': 128, 'early_stopping': True, 'hidden_layer_sizes': (256, 128), 'learning_rate_init': 0.001, 'max_iter': 500}"
cv_1,D — HOG,ExtraTrees,0.8458333333333333,0.8458002604198556,0.8458002604198555,0.8495156323157985,0.8458333333333333,28.9842050075531,0.060540199279785156,0.8458002604198556,"{'criterion': 'entropy', 'max_features': None, 'min_samples_leaf': 1, 'min_samples_split': 5, 'n_estimators': 300}"
cv_1,A+B,SVM,0.85,0.8508878064110622,0.8508878064110623,0.8580882352941176,0.8500000000000001,60.199268102645874,0.002015829086303711,0.8508878064110622,"{'C': 1, 'coef0': 1.0, 'degree': 3, 'gamma': 'scale', 'kernel': 'poly'}"
cv_1,A+B,KNN,0.8333333333333334,0.8335659040986746,0.8335659040986746,0.8356662563239321,0.8333333333333334,0.791334867477417,0.0,0.8335659040986746,"{'metric': 'manhattan', 'n_neighbors': 3, 'p': 1, 'weights': 'uniform'}"
cv_1,A+B,RF,0.8375,0.8390540305630619,0.839054030563062,0.8531418977847549,0.8375,2231.5145070552826,0.03150629997253418,0.8390540305630619,"{'bootstrap': False, 'criterion': 'entropy', 'max_depth': 20, 'max_features': 'log2', 'min_samples_leaf': 1, 'min_samples_split': 5, 'n_estimators': 100}"
cv_1,A+B,XGBoost,0.8291666666666667,0.8298530050093266,0.8298530050093265,0.8316725773886117,0.8291666666666666,11.4925217628479,0.005010843276977539,0.8423324389301822,"{'colsample_bytree': 1.0, 'gamma': 0, 'learning_rate': 0.05, 'max_depth': 6, 'min_child_weight': 1, 'n_estimators': 500, 'subsample': 0.8}"
cv_1,A+B,LightGBM,0.8416666666666667,0.8425023846878558,0.8425023846878558,0.846400464609112,0.8416666666666667,86.67782783508301,0.0020017623901367188,0.8425023846878558,"{'colsample_bytree': 0.8, 'learning_rate': 0.1, 'max_depth': -1, 'min_child_samples': 10, 'n_estimators': 500, 'num_leaves': 15, 'subsample': 0.8}"
cv_1,A+B,LR,0.8083333333333333,0.8096562205458856,0.8096562205458857,0.8129292929292928,0.8083333333333332,1.2859382629394531,0.0010018348693847656,0.8096562205458856,"{'lr__C': 0.1, 'lr__class_weight': 'balanced', 'lr__penalty': 'l2'}"
cv_1,A+B,MLP,0.8583333333333333,0.8592626581869957,0.8592626581869955,0.8645720476706392,0.8583333333333334,28.622223615646362,0.0,0.8592626581869957,"{'activation': 'relu', 'alpha': 0.0001, 'batch_size': 32, 'early_stopping': True, 'hidden_layer_sizes': (256, 128), 'learning_rate_init': 0.0005, 'max_iter': 500}"
cv_1,A+B,ExtraTrees,0.8458333333333333,0.8470845325658246,0.8470845325658246,0.860283722649963,0.8458333333333333,5.960878849029541,0.04592275619506836,0.8470845325658246,"{'criterion': 'entropy', 'max_features': 'sqrt', 'min_samples_leaf': 1, 'min_samples_split': 5, 'n_estimators': 300}"
cv_1,B+C(opt),SVM,0.8416666666666667,0.841506992460643,0.841506992460643,0.8413925352919728,0.8416666666666667,88.88502383232117,0.0,0.841506992460643,"{'C': 100, 'coef0': 1.0, 'degree': 5, 'gamma': 0.01, 'kernel': 'poly'}"
cv_1,B+C(opt),KNN,0.8041666666666667,0.8054252432596382,0.8054252432596382,0.8140210151046064,0.8041666666666667,0.8251793384552002,0.019980430603027344,0.8054252432596382,"{'metric': 'manhattan', 'n_neighbors': 7, 'p': 1, 'weights': 'distance'}"
cv_1,B+C(opt),RF,0.8291666666666667,0.8300996325876291,0.8300996325876291,0.8380427457398673,0.8291666666666666,2438.5455610752106,0.0320892333984375,0.8300996325876291,"{'bootstrap': False, 'criterion': 'entropy', 'max_depth': None, 'max_features': 'log2', 'min_samples_leaf': 2, 'min_samples_split': 10, 'n_estimators': 50}"
cv_1,B+C(opt),XGBoost,0.8333333333333334,0.8336303582961321,0.833630358296132,0.8344612490182111,0.8333333333333334,12.527978420257568,0.003000020980834961,0.8419416834476001,"{'colsample_bytree': 1.0, 'gamma': 0.1, 'learning_rate': 0.05, 'max_depth': 3, 'min_child_weight': 1, 'n_estimators': 500, 'subsample': 0.8}"
cv_1,B+C(opt),LightGBM,0.8541666666666666,0.8543162041929214,0.8543162041929213,0.8566052590143284,0.8541666666666666,86.29947710037231,0.003003358840942383,0.8543162041929214,"{'colsample_bytree': 0.8, 'learning_rate': 0.05, 'max_depth': -1, 'min_child_samples': 20, 'n_estimators': 300, 'num_leaves': 31, 'subsample': 0.8}"
cv_1,B+C(opt),LR,0.8,0.8007226133273736,0.8007226133273736,0.8052503052503052,0.7999999999999999,1.3011631965637207,0.0,0.8007226133273736,"{'lr__C': 0.1, 'lr__class_weight': 'balanced', 'lr__l1_ratio': 0.5, 'lr__penalty': 'elasticnet'}"
cv_1,B+C(opt),MLP,0.8625,0.8630639097744361,0.863063909774436,0.866456228956229,0.8624999999999999,23.949641942977905,0.0009999275207519531,0.8630639097744361,"{'activation': 'relu', 'alpha': 0.01, 'batch_size': 128, 'early_stopping': True, 'hidden_layer_sizes': (256,), 'learning_rate_init': 0.001, 'max_iter': 500}"
cv_1,B+C(opt),ExtraTrees,0.8291666666666667,0.8303391623402776,0.8303391623402777,0.8392202735313469,0.8291666666666666,6.282031059265137,0.07741451263427734,0.8303391623402776,"{'criterion': 'gini', 'max_features': 'sqrt', 'min_samples_leaf': 1, 'min_samples_split': 2, 'n_estimators': 500}"
cv_1,A+B+C(opt),SVM,0.8458333333333333,0.8452569588266708,0.8452569588266707,0.8450901006623899,0.8458333333333333,111.72408604621887,0.0,0.8452569588266708,"{'C': 100, 'coef0': 0.5, 'degree': 3, 'gamma': 'auto', 'kernel': 'poly'}"
cv_1,A+B+C(opt),KNN,0.8125,0.8139557579700716,0.8139557579700717,0.8252718273287893,0.8125,0.9126346111297607,0.01979851722717285,0.8139557579700716,"{'metric': 'manhattan', 'n_neighbors': 9, 'p': 1, 'weights': 'distance'}"
cv_1,A+B+C(opt),RF,0.85,0.8508879896920054,0.8508879896920054,0.8591134216916445,0.85,2836.505044698715,0.04723930358886719,0.8508879896920054,"{'bootstrap': False, 'criterion': 'entropy', 'max_depth': None, 'max_features': 'log2', 'min_samples_leaf': 1, 'min_samples_split': 5, 'n_estimators': 300}"
cv_1,A+B+C(opt),XGBoost,0.85,0.8508769697355305,0.8508769697355305,0.8542749195085091,0.85,15.08017110824585,0.0009992122650146484,0.8508769697355305,"{'colsample_bytree': 0.8, 'gamma': 0, 'learning_rate': 0.1, 'max_depth': 6, 'min_child_weight': 5, 'n_estimators': 100, 'subsample': 1.0}"
cv_1,A+B+C(opt),LightGBM,0.8666666666666667,0.8672897217666194,0.8672897217666194,0.8735217378597181,0.8666666666666666,85.81758856773376,0.0030002593994140625,0.8672897217666194,"{'colsample_bytree': 0.8, 'learning_rate': 0.05, 'max_depth': -1, 'min_child_samples': 10, 'n_estimators': 300, 'num_leaves': 15, 'subsample': 0.8}"
cv_1,A+B+C(opt),LR,0.8166666666666667,0.8176482570722889,0.8176482570722888,0.8216219704272613,0.8166666666666668,1.606142520904541,0.0,0.8176482570722889,"{'lr__C': 0.1, 'lr__class_weight': 'balanced', 'lr__penalty': 'l2'}"
cv_1,A+B+C(opt),MLP,0.8416666666666667,0.8426832426832428,0.8426832426832428,0.855757279377305,0.8416666666666667,33.43685722351074,0.0019996166229248047,0.8467963196224065,"{'activation': 'relu', 'alpha': 0.001, 'batch_size': 64, 'early_stopping': True, 'hidden_layer_sizes': (512, 256, 128), 'learning_rate_init': 0.001, 'max_iter': 500}"
cv_1,A+B+C(opt),ExtraTrees,0.8458333333333333,0.8474030665594737,0.8474030665594737,0.8588043900543901,0.8458333333333333,6.1368935108184814,0.032045602798461914,0.8474030665594737,"{'criterion': 'gini', 'max_features': 'sqrt', 'min_samples_leaf': 1, 'min_samples_split': 5, 'n_estimators': 100}"
cv_1,Full(opt),SVM,0.8958333333333334,0.8961818621949341,0.8961818621949341,0.8984486678065814,0.8958333333333334,105.62193584442139,0.015107154846191406,0.8961818621949341,"{'C': 0.001, 'coef0': 0.0, 'degree': 3, 'gamma': 0.1, 'kernel': 'poly'}"
cv_1,Full(opt),KNN,0.8708333333333333,0.8708423297243368,0.8708423297243368,0.8735454803462467,0.8708333333333332,9.725154638290405,0.029639244079589844,0.8708423297243368,"{'metric': 'manhattan', 'n_neighbors': 3, 'p': 1, 'weights': 'distance'}"
cv_1,Full(opt),RF,0.8833333333333333,0.8842761383733384,0.8842761383733385,0.893588590036098,0.8833333333333334,29630.297449588776,0.09436774253845215,0.8842761383733384,"{'bootstrap': True, 'criterion': 'gini', 'max_depth': None, 'max_features': 'log2', 'min_samples_leaf': 1, 'min_samples_split': 2, 'n_estimators': 800}"
cv_1,Full(opt),XGBoost,0.8791666666666667,0.8799491856728769,0.8799491856728768,0.8889799372302023,0.8791666666666668,399.21662616729736,0.0030014514923095703,0.9011235072281584,"{'colsample_bytree': 0.8, 'gamma': 0.1, 'learning_rate': 0.05, 'max_depth': 4, 'min_child_weight': 1, 'n_estimators': 300, 'subsample': 0.8}"
cv_1,Full(opt),LightGBM,0.8916666666666667,0.8924775707384404,0.8924775707384404,0.9033736773689492,0.8916666666666666,375.7923400402069,0.003506183624267578,0.8924775707384404,"{'colsample_bytree': 0.8, 'learning_rate': 0.1, 'max_depth': -1, 'min_child_samples': 10, 'n_estimators': 100, 'num_leaves': 15, 'subsample': 0.8}"
cv_1,Full(opt),LR,0.8625,0.8627896661154653,0.8627896661154651,0.8653949129852744,0.8624999999999999,32.16822290420532,0.0020041465759277344,0.8627896661154653,"{'lr__C': 1, 'lr__class_weight': 'balanced', 'lr__penalty': 'l1'}"
cv_1,Full(opt),MLP,0.875,0.8749831164738192,0.8749831164738192,0.8776607066836952,0.875,105.54149389266968,0.0014660358428955078,0.8749831164738192,"{'activation': 'relu', 'alpha': 0.001, 'batch_size': 32, 'early_stopping': True, 'hidden_layer_sizes': (256, 128), 'learning_rate_init': 0.001, 'max_iter': 500}"
cv_1,Full(opt),ExtraTrees,0.8791666666666667,0.8795490488854334,0.8795490488854334,0.8861037292409842,0.8791666666666668,28.465368509292603,0.06271958351135254,0.8795490488854334,"{'criterion': 'gini', 'max_features': None, 'min_samples_leaf': 1, 'min_samples_split': 5, 'n_estimators': 500}"
cv_2,A — Stats,SVM,0.7783333333333333,0.7796488779007533,0.7796488779007533,0.7839223863707,0.7783333333333333,82.26062870025635,0.050887346267700195,0.7798774772378899,"{'C': 100, 'coef0': 1.0, 'degree': 5, 'gamma': 0.01, 'kernel': 'poly'}"
cv_2,A — Stats,KNN,0.7391666666666666,0.741629045035312,0.7416290450353119,0.7529070491854344,0.7391666666666667,1.140653371810913,0.031900882720947266,0.7415454601610725,"{'metric': 'chebyshev', 'n_neighbors': 11, 'p': 1, 'weights': 'distance'}"
cv_2,A — Stats,RF,0.7541666666666667,0.7550005391676241,0.7550005391676241,0.7564275957150772,0.7541666666666668,2006.161649465561,0.10730791091918945,0.7550701494244179,"{'bootstrap': False, 'criterion': 'entropy', 'max_depth': 20, 'max_features': 'log2', 'min_samples_leaf': 2, 'min_samples_split': 2, 'n_estimators': 50}"
cv_2,A — Stats,XGBoost,0.7466666666666667,0.747580217625174,0.747580217625174,0.7498327787402946,0.7466666666666666,8.077802181243896,0.2890312671661377,0.7474557801732817,"{'colsample_bytree': 0.8, 'gamma': 0.1, 'learning_rate': 0.05, 'max_depth': 6, 'min_child_weight': 1, 'n_estimators': 300, 'subsample': 1.0}"
cv_2,A — Stats,LightGBM,0.7525,0.7528013787953647,0.7528013787953648,0.7538187186685518,0.7525,158.4487488269806,0.35650014877319336,0.752901929080658,"{'colsample_bytree': 1.0, 'learning_rate': 0.05, 'max_depth': 6, 'min_child_samples': 10, 'n_estimators': 100, 'num_leaves': 15, 'subsample': 0.8}"
cv_2,A — Stats,LR,0.7616666666666667,0.761732090909546,0.7617320909095461,0.7631746848841171,0.7616666666666667,0.8375561237335205,0.1309826374053955,0.7618032396956863,"{'lr__C': 100, 'lr__class_weight': None, 'lr__penalty': 'l1'}"
cv_2,A — Stats,MLP,0.7483333333333333,0.750071757398148,0.750071757398148,0.7532960645777114,0.7483333333333334,34.03014063835144,0.8069906234741211,0.7502704024618636,"{'activation': 'relu', 'alpha': 0.01, 'batch_size': 32, 'early_stopping': True, 'hidden_layer_sizes': (512, 256, 128), 'learning_rate_init': 0.0005, 'max_iter': 500}"
cv_2,A — Stats,ExtraTrees,0.7541666666666667,0.7554108917506159,0.7554108917506158,0.7581240319749286,0.7541666666666668,9.189604997634888,0.13928461074829102,0.755382462717462,"{'criterion': 'gini', 'max_features': None, 'min_samples_leaf': 1, 'min_samples_split': 5, 'n_estimators': 100}"
cv_2,B — Tex(opt),SVM,0.8075,0.8070673864925973,0.8070673864925973,0.8093222829109287,0.8075,24.0940363407135,0.022934675216674805,0.8070656979956368,"{'C': 1, 'coef0': 0.5, 'degree': 2, 'gamma': 'scale', 'kernel': 'poly'}"
cv_2,B — Tex(opt),KNN,0.7758333333333334,0.7748151072940476,0.7748151072940475,0.7803753470770415,0.7758333333333334,1.6476118564605713,0.0160830020904541,0.7748265790887651,"{'metric': 'euclidean', 'n_neighbors': 15, 'p': 1, 'weights': 'distance'}"
cv_2,B — Tex(opt),RF,0.7908333333333334,0.7904860073603839,0.790486007360384,0.7911329989457928,0.7908333333333334,2477.211850166321,0.11938333511352539,0.7904247361878565,"{'bootstrap': True, 'criterion': 'entropy', 'max_depth': 10, 'max_features': 'sqrt', 'min_samples_leaf': 2, 'min_samples_split': 2, 'n_estimators': 50}"
cv_2,B — Tex(opt),XGBoost,0.7958333333333333,0.7956084621362797,0.7956084621362797,0.7963190789159035,0.7958333333333334,10.922223806381226,0.25580883026123047,0.7955219309614014,"{'colsample_bytree': 1.0, 'gamma': 0, 'learning_rate': 0.1, 'max_depth': 3, 'min_child_weight': 5, 'n_estimators': 300, 'subsample': 1.0}"
cv_2,B — Tex(opt),LightGBM,0.7925,0.7920751633986929,0.7920751633986928,0.7929556856187291,0.7925,148.3468508720398,1.1487436294555664,0.7921264765128737,"{'colsample_bytree': 1.0, 'learning_rate': 0.05, 'max_depth': -1, 'min_child_samples': 10, 'n_estimators': 300, 'num_leaves': 15, 'subsample': 0.8}"
cv_2,B — Tex(opt),LR,0.7833333333333333,0.7832452523825179,0.7832452523825177,0.7838042793278605,0.7833333333333333,0.6314735412597656,0.18064308166503906,0.7830081879488515,"{'lr__C': 10, 'lr__class_weight': 'balanced', 'lr__penalty': 'l1'}"
cv_2,B — Tex(opt),MLP,0.8,0.7995115999581163,0.7995115999581163,0.7992386083910326,0.8000000000000002,38.26670432090759,0.7923836708068848,0.7994142788822298,"{'activation': 'relu', 'alpha': 0.001, 'batch_size': 64, 'early_stopping': True, 'hidden_layer_sizes': (512, 256, 128), 'learning_rate_init': 0.001, 'max_iter': 500}"
cv_2,B — Tex(opt),ExtraTrees,0.7883333333333333,0.7877956110349663,0.7877956110349663,0.7902586425110291,0.7883333333333334,13.994016408920288,0.19055628776550293,0.7877976771283342,"{'criterion': 'entropy', 'max_features': 'sqrt', 'min_samples_leaf': 1, 'min_samples_split': 10, 'n_estimators': 100}"
cv_2,C — DWT(opt),SVM,0.7316666666666667,0.7309698569505483,0.7309698569505483,0.7311738766882468,0.7316666666666668,263.43570709228516,0.033934593200683594,0.7313182678107695,"{'C': 1, 'coef0': 0.5, 'degree': 2, 'gamma': 'auto', 'kernel': 'poly'}"
cv_2,C — DWT(opt),KNN,0.6791666666666667,0.6769480305382137,0.676948030538214,0.6821991369157375,0.6791666666666667,1.5418386459350586,0.014860868453979492,0.6771788307313055,"{'metric': 'manhattan', 'n_neighbors': 15, 'p': 1, 'weights': 'distance'}"
cv_2,C — DWT(opt),RF,0.7016666666666667,0.7006734105017257,0.7006734105017258,0.7004104744359659,0.7016666666666667,2253.543202638626,0.38784217834472656,0.7007838242777772,"{'bootstrap': True, 'criterion': 'gini', 'max_depth': None, 'max_features': None, 'min_samples_leaf': 1, 'min_samples_split': 5, 'n_estimators': 300}"
cv_2,C — DWT(opt),XGBoost,0.7141666666666666,0.7132700404181059,0.7132700404181059,0.7128941186973439,0.7141666666666667,9.62540316581726,0.15086984634399414,0.7135349607320455,"{'colsample_bytree': 0.8, 'gamma': 0.1, 'learning_rate': 0.1, 'max_depth': 4, 'min_child_weight': 1, 'n_estimators': 100, 'subsample': 0.8}"
cv_2,C — DWT(opt),LightGBM,0.7125,0.7123196546158092,0.7123196546158092,0.7121936399500575,0.7125,161.42644906044006,1.8220458030700684,0.7122996105649482,"{'colsample_bytree': 1.0, 'learning_rate': 0.05, 'max_depth': -1, 'min_child_samples': 20, 'n_estimators': 500, 'num_leaves': 15, 'subsample': 0.8}"
cv_2,C — DWT(opt),LR,0.7025,0.7010786007206092,0.7010786007206093,0.7026197283331053,0.7025,0.35671472549438477,0.028131961822509766,0.7012138601320106,"{'lr__C': 0.1, 'lr__class_weight': 'balanced', 'lr__l1_ratio': 0.1, 'lr__penalty': 'elasticnet'}"
cv_2,C — DWT(opt),MLP,0.715,0.7143718678964767,0.7143718678964767,0.7142853384151039,0.715,32.94565010070801,0.5397541522979736,0.7146934534402705,"{'activation': 'tanh', 'alpha': 0.0001, 'batch_size': 64, 'early_stopping': True, 'hidden_layer_sizes': (512, 256, 128), 'learning_rate_init': 0.0005, 'max_iter': 500}"
cv_2,C — DWT(opt),ExtraTrees,0.7208333333333333,0.7198896782003684,0.7198896782003684,0.7199739745911061,0.7208333333333333,15.819713115692139,0.1956639289855957,0.7202961559728638,"{'criterion': 'gini', 'max_features': None, 'min_samples_leaf': 1, 'min_samples_split': 5, 'n_estimators': 100}"
cv_2,D — HOG,SVM,0.8416666666666667,0.8410853423826593,0.8410853423826593,0.8423921676526405,0.8416666666666668,50.59253692626953,0.2652571201324463,0.8411251614692151,"{'C': 0.1, 'coef0': 1.0, 'degree': 3, 'gamma': 0.01, 'kernel': 'poly'}"
cv_2,D — HOG,KNN,0.81,0.8081912715404101,0.8081912715404103,0.809611790206359,0.81,23.859135150909424,0.21945738792419434,0.8081946921765255,"{'metric': 'manhattan', 'n_neighbors': 1, 'p': 1, 'weights': 'uniform'}"
cv_2,D — HOG,RF,0.825,0.8231378785849816,0.8231378785849813,0.8247351599148639,0.8250000000000001,34484.56272339821,0.5724492073059082,0.8235093008544054,"{'bootstrap': False, 'criterion': 'gini', 'max_depth': None, 'max_features': 'sqrt', 'min_samples_leaf': 2, 'min_samples_split': 5, 'n_estimators': 300}"
cv_2,D — HOG,XGBoost,0.8483333333333334,0.8472181839409405,0.8472181839409405,0.848782905162802,0.8483333333333333,614.7412433624268,8.14006781578064,0.8473194339705761,"{'colsample_bytree': 0.8, 'gamma': 0, 'learning_rate': 0.05, 'max_depth': 3, 'min_child_weight': 1, 'n_estimators': 500, 'subsample': 0.8}"
cv_2,D — HOG,LightGBM,0.8333333333333334,0.831985273494909,0.8319852734949091,0.8331938093918806,0.8333333333333334,509.61660170555115,1.6750938892364502,0.8320235830720619,"{'colsample_bytree': 0.8, 'learning_rate': 0.1, 'max_depth': -1, 'min_child_samples': 10, 'n_estimators': 100, 'num_leaves': 31, 'subsample': 0.8}"
cv_2,D — HOG,LR,0.7675,0.7666463657559605,0.7666463657559606,0.7662418803901999,0.7675000000000001,24.183839082717896,1.6441855430603027,0.7667185647503829,"{'lr__C': 0.1, 'lr__class_weight': 'balanced', 'lr__l1_ratio': 0.1, 'lr__penalty': 'elasticnet'}"
cv_2,D — HOG,MLP,0.8108333333333333,0.8098160932203635,0.8098160932203636,0.8117494635429523,0.8108333333333334,117.25399041175842,0.9255385398864746,0.8099289044145164,"{'activation': 'relu', 'alpha': 0.001, 'batch_size': 64, 'early_stopping': True, 'hidden_layer_sizes': (512, 256, 128), 'learning_rate_init': 0.001, 'max_iter': 500}"
cv_2,D — HOG,ExtraTrees,0.8175,0.8154700254865362,0.8154700254865362,0.8171780518475268,0.8175,57.29334044456482,0.8320951461791992,0.8156404634612686,"{'criterion': 'gini', 'max_features': None, 'min_samples_leaf': 1, 'min_samples_split': 10, 'n_estimators': 300}"
cv_2,A+B,SVM,0.8375,0.8384302617043735,0.8384302617043734,0.8417426193057459,0.8375,43.40612483024597,0.040882110595703125,0.8384074790859031,"{'C': 10, 'coef0': 0.5, 'degree': 4, 'gamma': 0.01, 'kernel': 'poly'}"
cv_2,A+B,KNN,0.8175,0.8177061938568864,0.8177061938568865,0.8209468206029223,0.8174999999999999,2.216470718383789,0.031632184982299805,0.8176913518818538,"{'metric': 'euclidean', 'n_neighbors': 9, 'p': 1, 'weights': 'uniform'}"
cv_2,A+B,RF,0.8291666666666667,0.828949004834671,0.8289490048346712,0.8300009874477959,0.8291666666666666,2916.6057300567627,0.2579820156097412,0.828870977610412,"{'bootstrap': False, 'criterion': 'entropy', 'max_depth': None, 'max_features': 'sqrt', 'min_samples_leaf': 2, 'min_samples_split': 2, 'n_estimators': 200}"
cv_2,A+B,XGBoost,0.8316666666666667,0.8318172299461976,0.8318172299461976,0.8327681958382738,0.8316666666666667,15.185917139053345,0.47003936767578125,0.8318264336220185,"{'colsample_bytree': 0.8, 'gamma': 0, 'learning_rate': 0.05, 'max_depth': 6, 'min_child_weight': 5, 'n_estimators': 300, 'subsample': 1.0}"
cv_2,A+B,LightGBM,0.8325,0.8324382031699105,0.8324382031699106,0.8336095677559091,0.8325,145.7323443889618,2.2538957595825195,0.832460720836304,"{'colsample_bytree': 1.0, 'learning_rate': 0.05, 'max_depth': 6, 'min_child_samples': 10, 'n_estimators': 500, 'num_leaves': 31, 'subsample': 0.8}"
cv_2,A+B,LR,0.8125,0.8129303348488336,0.8129303348488336,0.8142732271378024,0.8125,1.5780558586120605,0.17084980010986328,0.8129357150524821,"{'lr__C': 1, 'lr__class_weight': 'balanced', 'lr__penalty': 'l2'}"
cv_2,A+B,MLP,0.8283333333333334,0.8284740681183297,0.8284740681183298,0.8316677893756806,0.8283333333333333,39.928950548172,0.40252208709716797,0.8285775822445947,"{'activation': 'relu', 'alpha': 0.01, 'batch_size': 64, 'early_stopping': True, 'hidden_layer_sizes': (512, 256), 'learning_rate_init': 0.001, 'max_iter': 500}"
cv_2,A+B,ExtraTrees,0.8333333333333334,0.8333440361597808,0.8333440361597808,0.8349168648071634,0.8333333333333334,10.55551028251648,0.4855670928955078,0.8333321027849161,"{'criterion': 'gini', 'max_features': None, 'min_samples_leaf': 1, 'min_samples_split': 5, 'n_estimators': 500}"
cv_2,B+C(opt),SVM,0.8108333333333333,0.810624448665833,0.810624448665833,0.812274166471013,0.8108333333333334,46.027488708496094,0.034673452377319336,0.8107590195593906,"{'C': 1, 'coef0': 1.0, 'degree': 2, 'gamma': 'scale', 'kernel': 'poly'}"
cv_2,B+C(opt),KNN,0.7891666666666667,0.7881704625745231,0.788170462574523,0.7933763043143228,0.7891666666666667,2.489165782928467,0.012346744537353516,0.7883670340166965,"{'metric': 'euclidean', 'n_neighbors': 15, 'p': 1, 'weights': 'distance'}"
cv_2,B+C(opt),RF,0.8133333333333334,0.8124412866804059,0.8124412866804059,0.8153245971203527,0.8133333333333334,3137.773103237152,0.1480100154876709,0.8124599091533542,"{'bootstrap': False, 'criterion': 'entropy', 'max_depth': 10, 'max_features': 'sqrt', 'min_samples_leaf': 1, 'min_samples_split': 2, 'n_estimators': 100}"
cv_2,B+C(opt),XGBoost,0.8158333333333333,0.8154594298205099,0.8154594298205098,0.8161836088706821,0.8158333333333333,18.669501066207886,0.6621968746185303,0.8156266225535673,"{'colsample_bytree': 0.8, 'gamma': 0, 'learning_rate': 0.05, 'max_depth': 6, 'min_child_weight': 5, 'n_estimators': 500, 'subsample': 1.0}"
cv_2,B+C(opt),LightGBM,0.8125,0.8119812143217132,0.8119812143217131,0.8143314169283475,0.8125,145.11234378814697,1.201629638671875,0.8121316253953361,"{'colsample_bytree': 0.8, 'learning_rate': 0.1, 'max_depth': -1, 'min_child_samples': 10, 'n_estimators': 500, 'num_leaves': 15, 'subsample': 0.8}"
cv_2,B+C(opt),LR,0.8016666666666666,0.8016565009205077,0.8016565009205077,0.8023482169811116,0.8016666666666667,1.7769103050231934,0.22707772254943848,0.8017560403180313,"{'lr__C': 1, 'lr__class_weight': None, 'lr__l1_ratio': 0.5, 'lr__penalty': 'elasticnet'}"
cv_2,B+C(opt),MLP,0.8141666666666667,0.8142228202475786,0.8142228202475786,0.8164407789509688,0.8141666666666666,34.657642126083374,0.4227297306060791,0.8144981705552549,"{'activation': 'relu', 'alpha': 0.001, 'batch_size': 128, 'early_stopping': True, 'hidden_layer_sizes': (512, 256), 'learning_rate_init': 0.001, 'max_iter': 500}"
cv_2,B+C(opt),ExtraTrees,0.82,0.8196080322459709,0.819608032245971,0.8214287739835185,0.82,10.13448452949524,0.14096951484680176,0.819628532539421,"{'criterion': 'entropy', 'max_features': None, 'min_samples_leaf': 1, 'min_samples_split': 5, 'n_estimators': 100}"
cv_2,A+B+C(opt),SVM,0.825,0.8252470293933709,0.8252470293933709,0.8261570593149541,0.8250000000000001,85.2136058807373,0.04030656814575195,0.8254511473996079,"{'C': 10, 'coef0': 0.5, 'degree': 2, 'gamma': 0.01, 'kernel': 'poly'}"
cv_2,A+B+C(opt),KNN,0.805,0.8046015250401007,0.8046015250401009,0.8097628233100534,0.805,2.6500511169433594,0.013718366622924805,0.8047102703078297,"{'metric': 'manhattan', 'n_neighbors': 7, 'p': 1, 'weights': 'distance'}"
cv_2,A+B+C(opt),RF,0.8283333333333334,0.8281894209989148,0.8281894209989147,0.8304773424742699,0.8283333333333333,3570.8029103279114,0.8086421489715576,0.8281081361528027,"{'bootstrap': False, 'criterion': 'entropy', 'max_depth': None, 'max_features': 'sqrt', 'min_samples_leaf': 2, 'min_samples_split': 2, 'n_estimators': 800}"
cv_2,A+B+C(opt),XGBoost,0.8283333333333334,0.8282241926989321,0.828224192698932,0.829015099053338,0.8283333333333333,21.979869604110718,0.5114097595214844,0.8282621041515167,"{'colsample_bytree': 0.8, 'gamma': 0, 'learning_rate': 0.1, 'max_depth': 4, 'min_child_weight': 1, 'n_estimators': 300, 'subsample': 0.8}"
cv_2,A+B+C(opt),LightGBM,0.83,0.8298601517559686,0.8298601517559685,0.8319782137300386,0.8300000000000001,144.23820304870605,1.1415839195251465,0.8299208042094453,"{'colsample_bytree': 0.8, 'learning_rate': 0.1, 'max_depth': -1, 'min_child_samples': 10, 'n_estimators': 300, 'num_leaves': 31, 'subsample': 0.8}"
cv_2,A+B+C(opt),LR,0.8133333333333334,0.8133009426086378,0.8133009426086378,0.8140599907358604,0.8133333333333334,2.2796576023101807,0.31365323066711426,0.8134466756925096,"{'lr__C': 1, 'lr__class_weight': 'balanced', 'lr__penalty': 'l1'}"
cv_2,A+B+C(opt),MLP,0.8208333333333333,0.8213212954026279,0.8213212954026279,0.8230179118190589,0.8208333333333333,39.60640740394592,0.8287007808685303,0.8215153546383939,"{'activation': 'relu', 'alpha': 0.01, 'batch_size': 32, 'early_stopping': True, 'hidden_layer_sizes': (512, 256), 'learning_rate_init': 0.0005, 'max_iter': 500}"
cv_2,A+B+C(opt),ExtraTrees,0.8358333333333333,0.8359464093843799,0.8359464093843798,0.8379550226579725,0.8358333333333333,10.946490049362183,0.5160274505615234,0.8359434524662663,"{'criterion': 'entropy', 'max_features': None, 'min_samples_leaf': 1, 'min_samples_split': 2, 'n_estimators': 500}"
cv_2,Full(opt),SVM,0.8791666666666667,0.878844196364033,0.8788441963640329,0.8818345385000969,0.8791666666666665,58.98133373260498,0.27704572677612305,0.8788938244789399,"{'C': 10, 'coef0': 0.5, 'degree': 3, 'gamma': 'scale', 'kernel': 'poly'}"
cv_2,Full(opt),KNN,0.8383333333333334,0.8372213886125031,0.8372213886125032,0.8384300957345528,0.8383333333333334,23.74291753768921,0.20656371116638184,0.8371626409972894,"{'metric': 'manhattan', 'n_neighbors': 1, 'p': 1, 'weights': 'uniform'}"
cv_2,Full(opt),RF,0.8716666666666667,0.8705162802702849,0.8705162802702849,0.8754456332534443,0.8716666666666666,33953.64897298813,1.7740061283111572,0.8707048501903625,"{'bootstrap': False, 'criterion': 'entropy', 'max_depth': None, 'max_features': 'sqrt', 'min_samples_leaf': 2, 'min_samples_split': 2, 'n_estimators': 1000}"
cv_2,Full(opt),XGBoost,0.8616666666666667,0.8612689457015051,0.8612689457015051,0.8644629014396457,0.8616666666666667,624.8744661808014,10.802159547805786,0.8613259926229914,"{'colsample_bytree': 0.8, 'gamma': 0, 'learning_rate': 0.05, 'max_depth': 4, 'min_child_weight': 1, 'n_estimators': 500, 'subsample': 0.8}"
cv_2,Full(opt),LightGBM,0.8733333333333333,0.8732230242864971,0.873223024286497,0.8764988072523962,0.8733333333333334,505.0124716758728,1.8791673183441162,0.8733532815739266,"{'colsample_bytree': 1.0, 'learning_rate': 0.1, 'max_depth': 6, 'min_child_samples': 20, 'n_estimators': 300, 'num_leaves': 31, 'subsample': 0.8}"
cv_2,Full(opt),LR,0.835,0.8341937962725354,0.8341937962725353,0.8351727098141198,0.835,27.160125255584717,0.6415352821350098,0.8343959824795777,"{'lr__C': 0.01, 'lr__class_weight': 'balanced', 'lr__penalty': 'l2'}"
cv_2,Full(opt),MLP,0.8541666666666666,0.8541125418561456,0.8541125418561457,0.8545169699417833,0.8541666666666666,136.69179105758667,0.9354157447814941,0.8541399904347164,"{'activation': 'relu', 'alpha': 0.0001, 'batch_size': 128, 'early_stopping': True, 'hidden_layer_sizes': (512, 256), 'learning_rate_init': 0.0005, 'max_iter': 500}"
cv_2,Full(opt),ExtraTrees,0.875,0.874090103217486,0.8740901032174861,0.8786607598521673,0.875,36.59500694274902,0.896113395690918,0.8743030135122609,"{'criterion': 'entropy', 'max_features': None, 'min_samples_leaf': 1, 'min_samples_split': 2, 'n_estimators': 300}"
cv_3,A — Stats,SVM,0.7825,0.7841147236579641,0.7841147236579641,0.7900705572916693,0.7825000000000001,179.32010316848755,0.26311731338500977,0.7839716514165321,"{'C': 100, 'coef0': 0.5, 'degree': 2, 'gamma': 'scale', 'kernel': 'poly'}"
cv_3,A — Stats,KNN,0.75,0.7523424537738892,0.7523424537738892,0.7604079736596687,0.75,1.1262526512145996,0.04599618911743164,0.752258259883693,"{'metric': 'manhattan', 'n_neighbors': 9, 'p': 1, 'weights': 'uniform'}"
cv_3,A — Stats,RF,0.755,0.7561661320573845,0.7561661320573845,0.7592510372491081,0.755,3401.646021604538,0.1322183609008789,0.756049284939721,"{'bootstrap': True, 'criterion': 'entropy', 'max_depth': 10, 'max_features': None, 'min_samples_leaf': 1, 'min_samples_split': 5, 'n_estimators': 50}"
cv_3,A — Stats,XGBoost,0.7575,0.7581045426438792,0.7581045426438792,0.7595850072375895,0.7575,11.65721845626831,0.24653244018554688,0.758014494589143,"{'colsample_bytree': 1.0, 'gamma': 0.1, 'learning_rate': 0.1, 'max_depth': 6, 'min_child_weight': 1, 'n_estimators': 300, 'subsample': 1.0}"
cv_3,A — Stats,LightGBM,0.7691666666666667,0.7697346926333442,0.7697346926333442,0.7709239446231084,0.7691666666666667,257.2466552257538,0.9147186279296875,0.7696850156328582,"{'colsample_bytree': 1.0, 'learning_rate': 0.05, 'max_depth': -1, 'min_child_samples': 20, 'n_estimators': 100, 'num_leaves': 31, 'subsample': 0.8}"
cv_3,A — Stats,LR,0.7558333333333334,0.7559425331519415,0.7559425331519416,0.7577290114670813,0.7558333333333334,1.3130197525024414,0.12998747825622559,0.7556980287479401,"{'lr__C': 10, 'lr__class_weight': None, 'lr__penalty': 'l2'}"
cv_3,A — Stats,MLP,0.77,0.7715233555723527,0.7715233555723527,0.7769359576545383,0.7699999999999999,74.22610545158386,0.9842360019683838,0.7713400946317407,"{'activation': 'relu', 'alpha': 0.01, 'batch_size': 64, 'early_stopping': True, 'hidden_layer_sizes': (512, 256), 'learning_rate_init': 0.0005, 'max_iter': 500}"
cv_3,A — Stats,ExtraTrees,0.765,0.7659031903965591,0.7659031903965591,0.7699940961872437,0.765,13.938202142715454,0.2809782028198242,0.7656479876636678,"{'criterion': 'gini', 'max_features': 'sqrt', 'min_samples_leaf': 1, 'min_samples_split': 2, 'n_estimators': 300}"
cv_3,B — Tex(opt),SVM,0.8166666666666667,0.8168728487938187,0.8168728487938188,0.8194066593592209,0.8166666666666668,153.06359219551086,0.06092023849487305,0.8168708975368602,"{'C': 10, 'coef0': 1.0, 'degree': 4, 'gamma': 0.01, 'kernel': 'poly'}"
cv_3,B — Tex(opt),KNN,0.785,0.7832253349314678,0.7832253349314678,0.7877271273334435,0.785,1.855482578277588,0.013830900192260742,0.7831952466924864,"{'metric': 'euclidean', 'n_neighbors': 11, 'p': 1, 'weights': 'distance'}"
cv_3,B — Tex(opt),RF,0.795,0.794620099635536,0.794620099635536,0.7974359828376615,0.7949999999999999,4340.707751989365,0.6011159420013428,0.7945516837556075,"{'bootstrap': True, 'criterion': 'entropy', 'max_depth': None, 'max_features': 'sqrt', 'min_samples_leaf': 1, 'min_samples_split': 5, 'n_estimators': 500}"
cv_3,B — Tex(opt),XGBoost,0.8091666666666667,0.8090465775396981,0.8090465775396981,0.8111235884958513,0.8091666666666666,19.600427865982056,0.43331146240234375,0.8090430683395263,"{'colsample_bytree': 1.0, 'gamma': 0, 'learning_rate': 0.1, 'max_depth': 4, 'min_child_weight': 1, 'n_estimators': 300, 'subsample': 0.8}"
cv_3,B — Tex(opt),LightGBM,0.8141666666666667,0.8137840502241817,0.8137840502241815,0.8153362905233261,0.8141666666666666,247.60340213775635,2.8333230018615723,0.8137851631208255,"{'colsample_bytree': 1.0, 'learning_rate': 0.05, 'max_depth': -1, 'min_child_samples': 20, 'n_estimators': 300, 'num_leaves': 31, 'subsample': 0.8}"
cv_3,B — Tex(opt),LR,0.77,0.7699193770397607,0.7699193770397605,0.7704582029294672,0.77,1.163663387298584,0.2086799144744873,0.7698917406606304,"{'lr__C': 1, 'lr__class_weight': None, 'lr__l1_ratio': 0.9, 'lr__penalty': 'elasticnet'}"
cv_3,B — Tex(opt),MLP,0.8158333333333333,0.8158143050652592,0.8158143050652592,0.8199360598546104,0.8158333333333333,67.8113067150116,0.9418907165527344,0.8155278848749923,"{'activation': 'relu', 'alpha': 0.0001, 'batch_size': 32, 'early_stopping': True, 'hidden_layer_sizes': (512, 256, 128), 'learning_rate_init': 0.001, 'max_iter': 500}"
cv_3,B — Tex(opt),ExtraTrees,0.7983333333333333,0.7978987203025568,0.7978987203025569,0.800509999116608,0.7983333333333333,15.090657234191895,0.3125650882720947,0.7979089332812609,"{'criterion': 'gini', 'max_features': None, 'min_samples_leaf': 4, 'min_samples_split': 2, 'n_estimators': 300}"
cv_3,C — DWT(opt),SVM,0.7158333333333333,0.716321864513036,0.7163218645130359,0.7176448275305475,0.7158333333333333,350.02187490463257,0.15116286277770996,0.7162578951760068,"{'C': 1, 'coef0': 0.5, 'degree': 3, 'gamma': 'scale', 'kernel': 'poly'}"
cv_3,C — DWT(opt),KNN,0.6875,0.6854399877628748,0.6854399877628748,0.6887601327273042,0.6875,1.681701421737671,0.029610157012939453,0.6855926539472944,"{'metric': 'manhattan', 'n_neighbors': 21, 'p': 1, 'weights': 'distance'}"
cv_3,C — DWT(opt),RF,0.7158333333333333,0.7145402604832641,0.7145402604832641,0.7156918255833907,0.7158333333333333,3812.2490940093994,0.16167569160461426,0.7145576056377331,"{'bootstrap': False, 'criterion': 'entropy', 'max_depth': None, 'max_features': 'sqrt', 'min_samples_leaf': 1, 'min_samples_split': 5, 'n_estimators': 100}"
cv_3,C — DWT(opt),XGBoost,0.7108333333333333,0.7099109858961619,0.7099109858961619,0.7101298636313578,0.7108333333333334,16.478162050247192,0.21520066261291504,0.7099589348453654,"{'colsample_bytree': 1.0, 'gamma': 0.1, 'learning_rate': 0.05, 'max_depth': 6, 'min_child_weight': 5, 'n_estimators': 100, 'subsample': 0.8}"
cv_3,C — DWT(opt),LightGBM,0.7191666666666666,0.7193523682341976,0.7193523682341976,0.7206722290055624,0.7191666666666666,263.6383864879608,2.152376413345337,0.7194034799513135,"{'colsample_bytree': 1.0, 'learning_rate': 0.05, 'max_depth': 6, 'min_child_samples': 10, 'n_estimators': 300, 'num_leaves': 31, 'subsample': 0.8}"
cv_3,C — DWT(opt),LR,0.7066666666666667,0.7057802741618601,0.7057802741618598,0.7064343802407896,0.7066666666666667,0.651759147644043,0.030217885971069336,0.7057309220099052,"{'lr__C': 100, 'lr__class_weight': None, 'lr__penalty': 'l1'}"
cv_3,C — DWT(opt),MLP,0.72,0.7195133679647755,0.7195133679647754,0.7197871840094062,0.7200000000000001,65.43190622329712,0.8627867698669434,0.7196856111970192,"{'activation': 'relu', 'alpha': 0.001, 'batch_size': 32, 'early_stopping': True, 'hidden_layer_sizes': (512, 256, 128), 'learning_rate_init': 0.0005, 'max_iter': 500}"
cv_3,C — DWT(opt),ExtraTrees,0.7258333333333333,0.7246448471303388,0.7246448471303388,0.7261798344492515,0.7258333333333334,14.423987865447998,0.142319917678833,0.7245494599950947,"{'criterion': 'entropy', 'max_features': None, 'min_samples_leaf': 1, 'min_samples_split': 2, 'n_estimators': 100}"
cv_3,D — HOG,SVM,0.865,0.8639932481491708,0.8639932481491709,0.8650783863959589,0.8650000000000001,191.7070436477661,0.41912841796875,0.8639719199785619,"{'C': 0.01, 'coef0': 1.0, 'degree': 3, 'gamma': 0.01, 'kernel': 'poly'}"
cv_3,D — HOG,KNN,0.84,0.8385806577827788,0.8385806577827788,0.8402405087509753,0.84,27.49526023864746,0.20430517196655273,0.8384781247847456,"{'metric': 'manhattan', 'n_neighbors': 1, 'p': 1, 'weights': 'uniform'}"
cv_3,D — HOG,RF,0.8283333333333334,0.8263535827255413,0.8263535827255413,0.8292620007884878,0.8283333333333335,71800.05406045914,1.8665697574615479,0.8263415191170971,"{'bootstrap': False, 'criterion': 'gini', 'max_depth': 10, 'max_features': 'sqrt', 'min_samples_leaf': 1, 'min_samples_split': 2, 'n_estimators': 800}"
cv_3,D — HOG,XGBoost,0.835,0.834196086445998,0.8341960864459981,0.8362132716343162,0.835,1089.4690585136414,5.721688985824585,0.8341802503485334,"{'colsample_bytree': 1.0, 'gamma': 0.1, 'learning_rate': 0.1, 'max_depth': 4, 'min_child_weight': 5, 'n_estimators': 300, 'subsample': 0.8}"
cv_3,D — HOG,LightGBM,0.8416666666666667,0.8406536266222498,0.8406536266222498,0.8416958996133451,0.8416666666666668,1074.5715112686157,3.302978515625,0.8407498337088167,"{'colsample_bytree': 1.0, 'learning_rate': 0.1, 'max_depth': 6, 'min_child_samples': 20, 'n_estimators': 500, 'num_leaves': 15, 'subsample': 0.8}"
cv_3,D — HOG,LR,0.7808333333333334,0.7802926996475383,0.7802926996475382,0.7802810165510395,0.7808333333333333,49.39944815635681,2.3634629249572754,0.7803411153851388,"{'lr__C': 0.1, 'lr__class_weight': 'balanced', 'lr__l1_ratio': 0.1, 'lr__penalty': 'elasticnet'}"
cv_3,D — HOG,MLP,0.83,0.8284704192294735,0.8284704192294735,0.8291247190898007,0.8300000000000001,223.05574202537537,1.8653388023376465,0.8284684197633494,"{'activation': 'relu', 'alpha': 0.01, 'batch_size': 32, 'early_stopping': True, 'hidden_layer_sizes': (512, 256, 128), 'learning_rate_init': 0.001, 'max_iter': 500}"
cv_3,D — HOG,ExtraTrees,0.835,0.8333454092500455,0.8333454092500454,0.8363050434173896,0.835,70.56505417823792,0.5287482738494873,0.8333087864961312,"{'criterion': 'entropy', 'max_features': None, 'min_samples_leaf': 4, 'min_samples_split': 10, 'n_estimators': 100}"
cv_3,A+B,SVM,0.845,0.8456664972301872,0.8456664972301872,0.8477901966816569,0.8450000000000001,73.079594373703,0.052733421325683594,0.8456370467612401,"{'C': 10, 'coef0': 1.0, 'degree': 3, 'gamma': 0.01, 'kernel': 'poly'}"
cv_3,A+B,KNN,0.8258333333333333,0.8261520547465047,0.8261520547465047,0.8359395338462242,0.8258333333333333,2.288745880126953,0.01372981071472168,0.8261136945305693,"{'metric': 'manhattan', 'n_neighbors': 11, 'p': 1, 'weights': 'distance'}"
cv_3,A+B,RF,0.8391666666666666,0.8394484839587516,0.8394484839587515,0.8409300656358784,0.8391666666666667,5505.972947359085,0.15942001342773438,0.8394132608334443,"{'bootstrap': False, 'criterion': 'gini', 'max_depth': 20, 'max_features': 'log2', 'min_samples_leaf': 1, 'min_samples_split': 2, 'n_estimators': 100}"
cv_3,A+B,XGBoost,0.8366666666666667,0.8372208447532589,0.837220844753259,0.83940765802482,0.8366666666666666,28.539567708969116,0.9264442920684814,0.8372884150627046,"{'colsample_bytree': 1.0, 'gamma': 0, 'learning_rate': 0.05, 'max_depth': 4, 'min_child_weight': 1, 'n_estimators': 500, 'subsample': 0.8}"
cv_3,A+B,LightGBM,0.84,0.840744285214789,0.8407442852147888,0.8430898909519599,0.84,242.42734384536743,1.8826549053192139,0.8407476021666844,"{'colsample_bytree': 0.8, 'learning_rate': 0.1, 'max_depth': 6, 'min_child_samples': 10, 'n_estimators': 300, 'num_leaves': 31, 'subsample': 0.8}"
cv_3,A+B,LR,0.8166666666666667,0.8169441515101855,0.8169441515101855,0.8180343655020915,0.8166666666666668,2.780914783477783,0.226179838180542,0.8168754537201304,"{'lr__C': 1, 'lr__class_weight': 'balanced', 'lr__penalty': 'l2'}"
cv_3,A+B,MLP,0.8441666666666666,0.8447120563371445,0.8447120563371445,0.8494556977019663,0.8441666666666666,69.05669808387756,0.24108052253723145,0.8447113039542772,"{'activation': 'relu', 'alpha': 0.01, 'batch_size': 64, 'early_stopping': True, 'hidden_layer_sizes': (256, 128), 'learning_rate_init': 0.001, 'max_iter': 500}"
cv_3,A+B,ExtraTrees,0.8433333333333334,0.8436205818268521,0.8436205818268521,0.8468557294242678,0.8433333333333333,15.910407543182373,0.40363359451293945,0.843457663198866,"{'criterion': 'gini', 'max_features': 'sqrt', 'min_samples_leaf': 1, 'min_samples_split': 2, 'n_estimators': 500}"
cv_3,B+C(opt),SVM,0.8308333333333333,0.8312742345484591,0.8312742345484591,0.8341353091353092,0.8308333333333332,87.74087357521057,0.0532529354095459,0.8312157955176845,"{'C': 1, 'coef0': 1.0, 'degree': 5, 'gamma': 0.01, 'kernel': 'poly'}"
cv_3,B+C(opt),KNN,0.8016666666666666,0.8011145840471281,0.8011145840471282,0.807651125712861,0.8016666666666666,2.63240909576416,0.011864423751831055,0.8011709654666528,"{'metric': 'manhattan', 'n_neighbors': 15, 'p': 1, 'weights': 'uniform'}"
cv_3,B+C(opt),RF,0.8175,0.8173195848371698,0.8173195848371697,0.820965691713698,0.8175,6004.97810959816,0.16386079788208008,0.8173447842388857,"{'bootstrap': False, 'criterion': 'entropy', 'max_depth': 20, 'max_features': 'log2', 'min_samples_leaf': 1, 'min_samples_split': 5, 'n_estimators': 100}"
cv_3,B+C(opt),XGBoost,0.8283333333333334,0.8284138431724427,0.8284138431724427,0.8297687753704639,0.8283333333333335,33.51682162284851,0.3914189338684082,0.8283460920910338,"{'colsample_bytree': 0.8, 'gamma': 0, 'learning_rate': 0.1, 'max_depth': 4, 'min_child_weight': 5, 'n_estimators': 300, 'subsample': 1.0}"
cv_3,B+C(opt),LightGBM,0.8333333333333334,0.8333664422143121,0.8333664422143122,0.8361356886760754,0.8333333333333334,243.95494842529297,1.8822190761566162,0.8333040061222841,"{'colsample_bytree': 0.8, 'learning_rate': 0.1, 'max_depth': 6, 'min_child_samples': 20, 'n_estimators': 500, 'num_leaves': 15, 'subsample': 0.8}"
cv_3,B+C(opt),LR,0.8,0.8000075360045001,0.8000075360045,0.8013938265228543,0.7999999999999999,3.01513934135437,0.3700065612792969,0.7998386475173015,"{'lr__C': 10, 'lr__class_weight': 'balanced', 'lr__l1_ratio': 0.9, 'lr__penalty': 'elasticnet'}"
cv_3,B+C(opt),MLP,0.83,0.8300279740020428,0.8300279740020428,0.8300577295274761,0.8300000000000001,71.69244146347046,0.6429917812347412,0.8300660311507682,"{'activation': 'relu', 'alpha': 0.01, 'batch_size': 128, 'early_stopping': True, 'hidden_layer_sizes': (512, 256), 'learning_rate_init': 0.001, 'max_iter': 500}"
cv_3,B+C(opt),ExtraTrees,0.8308333333333333,0.8308682368308403,0.8308682368308402,0.8346098612635401,0.8308333333333332,16.121521949768066,0.329970121383667,0.8308644929853042,"{'criterion': 'entropy', 'max_features': None, 'min_samples_leaf': 2, 'min_samples_split': 5, 'n_estimators': 300}"
cv_3,A+B+C(opt),SVM,0.8391666666666666,0.8399921193223653,0.8399921193223653,0.8437674549846816,0.8391666666666667,102.94396710395813,0.04673171043395996,0.8400067839170725,"{'C': 0.1, 'coef0': 1.0, 'degree': 2, 'gamma': 0.1, 'kernel': 'poly'}"
cv_3,A+B+C(opt),KNN,0.8216666666666667,0.8217728840916524,0.8217728840916524,0.828698837026779,0.8216666666666667,3.0846922397613525,0.011716604232788086,0.8218574383635838,"{'metric': 'euclidean', 'n_neighbors': 9, 'p': 1, 'weights': 'distance'}"
cv_3,A+B+C(opt),RF,0.835,0.8351658128956879,0.8351658128956878,0.8382609274116287,0.835,6914.836630344391,0.4208061695098877,0.8350493796279181,"{'bootstrap': False, 'criterion': 'entropy', 'max_depth': 10, 'max_features': 'sqrt', 'min_samples_leaf': 1, 'min_samples_split': 2, 'n_estimators': 300}"
cv_3,A+B+C(opt),XGBoost,0.8383333333333334,0.8386279127704604,0.8386279127704606,0.8403471680315389,0.8383333333333334,40.950563192367554,0.8447725772857666,0.8386106867314954,"{'colsample_bytree': 1.0, 'gamma': 0.1, 'learning_rate': 0.05, 'max_depth': 4, 'min_child_weight': 1, 'n_estimators': 300, 'subsample': 0.8}"
cv_3,A+B+C(opt),LightGBM,0.8433333333333334,0.8436946941383963,0.8436946941383963,0.846737205455521,0.8433333333333334,241.95676493644714,2.8422389030456543,0.8437679594278014,"{'colsample_bytree': 0.8, 'learning_rate': 0.05, 'max_depth': -1, 'min_child_samples': 20, 'n_estimators': 300, 'num_leaves': 31, 'subsample': 0.8}"
cv_3,A+B+C(opt),LR,0.815,0.8152392750211984,0.8152392750211985,0.8160255832130833,0.815,3.5145442485809326,0.2907998561859131,0.8151298551654519,"{'lr__C': 1, 'lr__class_weight': 'balanced', 'lr__penalty': 'l2'}"
cv_3,A+B+C(opt),MLP,0.8366666666666667,0.8373305420866778,0.8373305420866778,0.8411144960489386,0.8366666666666666,76.48530077934265,0.8317716121673584,0.8371139071479409,"{'activation': 'relu', 'alpha': 0.001, 'batch_size': 32, 'early_stopping': True, 'hidden_layer_sizes': (512, 256, 128), 'learning_rate_init': 0.001, 'max_iter': 500}"
cv_3,A+B+C(opt),ExtraTrees,0.8441666666666666,0.8444999398040482,0.8444999398040484,0.8473748954960385,0.8441666666666666,16.73391890525818,0.3620283603668213,0.8443941269676384,"{'criterion': 'entropy', 'max_features': None, 'min_samples_leaf': 2, 'min_samples_split': 2, 'n_estimators': 300}"
cv_3,Full(opt),SVM,0.895,0.8943355019064704,0.8943355019064704,0.8957237537200906,0.8949999999999999,208.91762685775757,0.37554168701171875,0.894402640133236,"{'C': 10, 'coef0': 0.5, 'degree': 3, 'gamma': 'scale', 'kernel': 'poly'}"
cv_3,Full(opt),KNN,0.8716666666666667,0.8707832632540765,0.8707832632540764,0.8715008894589872,0.8716666666666667,29.613882303237915,0.20658063888549805,0.8707341048694807,"{'metric': 'manhattan', 'n_neighbors': 1, 'p': 1, 'weights': 'uniform'}"
cv_3,Full(opt),RF,0.8783333333333333,0.8773585405356968,0.877358540535697,0.8808793938243165,0.8783333333333333,72965.68819761276,0.3301355838775635,0.8773974238665568,"{'bootstrap': False, 'criterion': 'gini', 'max_depth': None, 'max_features': 'log2', 'min_samples_leaf': 1, 'min_samples_split': 2, 'n_estimators': 100}"
cv_3,Full(opt),XGBoost,0.8683333333333333,0.8681546673994798,0.8681546673994799,0.8700755283547376,0.8683333333333333,1116.6587052345276,5.118575096130371,0.8681307874880853,"{'colsample_bytree': 0.8, 'gamma': 0, 'learning_rate': 0.1, 'max_depth': 4, 'min_child_weight': 5, 'n_estimators': 300, 'subsample': 1.0}"
cv_3,Full(opt),LightGBM,0.87,0.8699198702599192,0.8699198702599193,0.873881298351412,0.87,1055.789788722992,3.064053535461426,0.8699373014390733,"{'colsample_bytree': 0.8, 'learning_rate': 0.1, 'max_depth': -1, 'min_child_samples': 20, 'n_estimators': 500, 'num_leaves': 15, 'subsample': 0.8}"
cv_3,Full(opt),LR,0.8391666666666666,0.8392736964040962,0.8392736964040963,0.841817088329677,0.8391666666666667,59.9175910949707,4.325922727584839,0.8394531490945886,"{'lr__C': 0.1, 'lr__class_weight': 'balanced', 'lr__l1_ratio': 0.5, 'lr__penalty': 'elasticnet'}"
cv_3,Full(opt),MLP,0.8733333333333333,0.8727171693888991,0.872717169388899,0.873389925724161,0.8733333333333334,266.6657500267029,1.9255383014678955,0.8727459599613453,"{'activation': 'relu', 'alpha': 0.01, 'batch_size': 64, 'early_stopping': True, 'hidden_layer_sizes': (512, 256), 'learning_rate_init': 0.001, 'max_iter': 500}"
cv_3,Full(opt),ExtraTrees,0.8741666666666666,0.8734774710179433,0.8734774710179433,0.8779382349592714,0.8741666666666666,69.50577449798584,1.9470312595367432,0.8734732612480327,"{'criterion': 'entropy', 'max_features': None, 'min_samples_leaf': 2, 'min_samples_split': 10, 'n_estimators': 500}"
cv_4,A — Stats,SVM,0.7941666666666667,0.7957705604764428,0.7957705604764429,0.8025997966760929,0.7941666666666666,373.28568863868713,0.12569141387939453,0.7956573834749492,"{'C': 10, 'coef0': 1.0, 'degree': 3, 'gamma': 'scale', 'kernel': 'poly'}"
cv_4,A — Stats,KNN,0.7466666666666667,0.7491616477380657,0.7491616477380658,0.7558177117000646,0.7466666666666667,1.4756050109863281,0.03146219253540039,0.7490442162176164,"{'metric': 'chebyshev', 'n_neighbors': 9, 'p': 1, 'weights': 'uniform'}"
cv_4,A — Stats,RF,0.7541666666666667,0.7549693527601904,0.7549693527601903,0.7564114470923543,0.7541666666666668,4979.032798290253,0.28667521476745605,0.7549822142641099,"{'bootstrap': False, 'criterion': 'entropy', 'max_depth': None, 'max_features': 'sqrt', 'min_samples_leaf': 1, 'min_samples_split': 2, 'n_estimators': 200}"
cv_4,A — Stats,XGBoost,0.7591666666666667,0.7594065589485538,0.7594065589485539,0.759980722208203,0.7591666666666667,17.908274173736572,0.7687094211578369,0.7591199333613993,"{'colsample_bytree': 1.0, 'gamma': 0, 'learning_rate': 0.05, 'max_depth': 6, 'min_child_weight': 1, 'n_estimators': 500, 'subsample': 0.8}"
cv_4,A — Stats,LightGBM,0.7625,0.7627059352492056,0.7627059352492055,0.7631521928560434,0.7625000000000001,351.49857902526855,1.2013969421386719,0.7625186898215374,"{'colsample_bytree': 1.0, 'learning_rate': 0.05, 'max_depth': -1, 'min_child_samples': 20, 'n_estimators': 100, 'num_leaves': 31, 'subsample': 0.8}"
cv_4,A — Stats,LR,0.7616666666666667,0.7617097768051159,0.7617097768051159,0.7631014724026316,0.7616666666666667,1.8926808834075928,0.1883857250213623,0.7614350656080735,"{'lr__C': 10, 'lr__class_weight': 'balanced', 'lr__l1_ratio': 0.5, 'lr__penalty': 'elasticnet'}"
cv_4,A — Stats,MLP,0.7816666666666666,0.7826579906458813,0.7826579906458814,0.7879474918983949,0.7816666666666666,98.3698525428772,2.4361186027526855,0.7820604019651158,"{'activation': 'relu', 'alpha': 0.001, 'batch_size': 32, 'early_stopping': True, 'hidden_layer_sizes': (512, 256, 128), 'learning_rate_init': 0.0005, 'max_iter': 500}"
cv_4,A — Stats,ExtraTrees,0.7566666666666667,0.7582413739519818,0.7582413739519818,0.7623850310677668,0.7566666666666667,19.234081745147705,0.1273355484008789,0.7578017918951948,"{'criterion': 'entropy', 'max_features': 'sqrt', 'min_samples_leaf': 1, 'min_samples_split': 5, 'n_estimators': 100}"
cv_4,B — Tex(opt),SVM,0.8175,0.8173228014529355,0.8173228014529355,0.8196955460675928,0.8175,231.254567861557,0.05805850028991699,0.8171936194668257,"{'C': 10, 'coef0': 1.0, 'degree': 4, 'gamma': 0.01, 'kernel': 'poly'}"
cv_4,B — Tex(opt),KNN,0.7858333333333334,0.7851059912088969,0.7851059912088969,0.7884142802727467,0.7858333333333333,2.3830084800720215,0.07924699783325195,0.7852021719316349,"{'metric': 'minkowski', 'n_neighbors': 11, 'p': 3, 'weights': 'distance'}"
cv_4,B — Tex(opt),RF,0.7991666666666667,0.7985891695088521,0.7985891695088522,0.8009773709813844,0.7991666666666667,6263.1691970825195,0.6436207294464111,0.7984665473403584,"{'bootstrap': False, 'criterion': 'entropy', 'max_depth': 20, 'max_features': 'sqrt', 'min_samples_leaf': 1, 'min_samples_split': 2, 'n_estimators': 500}"
cv_4,B — Tex(opt),XGBoost,0.8041666666666667,0.804124288870816,0.804124288870816,0.8050441090944891,0.8041666666666667,28.09654927253723,0.47115230560302734,0.8041592518988911,"{'colsample_bytree': 1.0, 'gamma': 0.1, 'learning_rate': 0.1, 'max_depth': 6, 'min_child_weight': 5, 'n_estimators': 500, 'subsample': 0.8}"
cv_4,B — Tex(opt),LightGBM,0.8041666666666667,0.8038621941637984,0.8038621941637984,0.8051637969670757,0.8041666666666667,341.7853021621704,3.5041234493255615,0.803979892807715,"{'colsample_bytree': 1.0, 'learning_rate': 0.05, 'max_depth': -1, 'min_child_samples': 20, 'n_estimators': 300, 'num_leaves': 31, 'subsample': 0.8}"
cv_4,B — Tex(opt),LR,0.7791666666666667,0.7790677702173441,0.7790677702173441,0.7793849713038047,0.7791666666666667,1.160264015197754,0.0646202564239502,0.7788633702295583,"{'lr__C': 10, 'lr__class_weight': 'balanced', 'lr__penalty': 'l2'}"
cv_4,B — Tex(opt),MLP,0.8175,0.8175971082629682,0.8175971082629682,0.8222147377487969,0.8175,105.60033893585205,0.8559317588806152,0.8175222052127552,"{'activation': 'relu', 'alpha': 0.001, 'batch_size': 64, 'early_stopping': True, 'hidden_layer_sizes': (512, 256), 'learning_rate_init': 0.001, 'max_iter': 500}"
cv_4,B — Tex(opt),ExtraTrees,0.8008333333333333,0.8003748093725097,0.8003748093725098,0.8027415335967332,0.8008333333333333,21.21715259552002,0.14102840423583984,0.8002245163416782,"{'criterion': 'gini', 'max_features': None, 'min_samples_leaf': 2, 'min_samples_split': 10, 'n_estimators': 100}"
cv_4,C — DWT(opt),SVM,0.7266666666666667,0.7262976039889707,0.7262976039889708,0.7279205679159911,0.7266666666666667,441.67770171165466,0.22261595726013184,0.7265473382650007,"{'C': 100, 'coef0': 0.5, 'degree': 4, 'gamma': 0.01, 'kernel': 'poly'}"
cv_4,C — DWT(opt),KNN,0.7,0.6983912472645049,0.6983912472645049,0.7001458887588062,0.7000000000000001,1.9693167209625244,0.012269258499145508,0.698448530975081,"{'metric': 'manhattan', 'n_neighbors': 11, 'p': 1, 'weights': 'distance'}"
cv_4,C — DWT(opt),RF,0.7366666666666667,0.7361177236760996,0.7361177236760996,0.7371365712670994,0.7366666666666667,5700.072365522385,1.6044108867645264,0.7357570161487652,"{'bootstrap': True, 'criterion': 'entropy', 'max_depth': None, 'max_features': None, 'min_samples_leaf': 2, 'min_samples_split': 2, 'n_estimators': 800}"
cv_4,C — DWT(opt),XGBoost,0.7325,0.7319751370208746,0.7319751370208748,0.7317781099429629,0.7324999999999999,23.57374858856201,0.3005814552307129,0.7319338629334319,"{'colsample_bytree': 1.0, 'gamma': 0, 'learning_rate': 0.1, 'max_depth': 6, 'min_child_weight': 1, 'n_estimators': 100, 'subsample': 1.0}"
cv_4,C — DWT(opt),LightGBM,0.735,0.7341965667718693,0.7341965667718694,0.7341676269891623,0.735,359.71103262901306,0.5588047504425049,0.7341269071999423,"{'colsample_bytree': 1.0, 'learning_rate': 0.05, 'max_depth': 6, 'min_child_samples': 20, 'n_estimators': 100, 'num_leaves': 15, 'subsample': 0.8}"
cv_4,C — DWT(opt),LR,0.7058333333333333,0.7044916648134482,0.7044916648134482,0.7055468739565386,0.7058333333333334,0.7935945987701416,0.02183079719543457,0.7043320901428556,"{'lr__C': 0.1, 'lr__class_weight': 'balanced', 'lr__penalty': 'l2'}"
cv_4,C — DWT(opt),MLP,0.72,0.7192350083311564,0.7192350083311563,0.7204057452114127,0.7200000000000001,87.13220953941345,0.23664259910583496,0.719294745183541,"{'activation': 'relu', 'alpha': 0.01, 'batch_size': 64, 'early_stopping': True, 'hidden_layer_sizes': (256, 128), 'learning_rate_init': 0.001, 'max_iter': 500}"
cv_4,C — DWT(opt),ExtraTrees,0.7416666666666667,0.7403878754976237,0.7403878754976237,0.7414052738679388,0.7416666666666667,21.113346338272095,0.37508344650268555,0.7404712894103695,"{'criterion': 'gini', 'max_features': None, 'min_samples_leaf': 1, 'min_samples_split': 5, 'n_estimators': 300}"
cv_4,D — HOG,SVM,0.88,0.8791050752003754,0.8791050752003755,0.8796366728813005,0.88,340.73277473449707,0.5174164772033691,0.8790575294451058,"{'C': 0.1, 'coef0': 1.0, 'degree': 3, 'gamma': 0.01, 'kernel': 'poly'}"
cv_4,D — HOG,KNN,0.8525,0.8510348327038882,0.8510348327038881,0.8515559000352683,0.8525,32.338958501815796,0.20264816284179688,0.8511115564622729,"{'metric': 'manhattan', 'n_neighbors': 1, 'p': 1, 'weights': 'uniform'}"
cv_4,D — HOG,RF,0.8358333333333333,0.8344179219568328,0.8344179219568328,0.8365370354725766,0.8358333333333333,114353.18515968323,2.689661741256714,0.8344898271097343,"{'bootstrap': False, 'criterion': 'gini', 'max_depth': 20, 'max_features': 'sqrt', 'min_samples_leaf': 2, 'min_samples_split': 2, 'n_estimators': 800}"
cv_4,D — HOG,XGBoost,0.8558333333333333,0.8548928424836771,0.8548928424836773,0.8559869763919753,0.8558333333333333,1537.1779668331146,10.732118844985962,0.8547285663528817,"{'colsample_bytree': 0.8, 'gamma': 0, 'learning_rate': 0.1, 'max_depth': 4, 'min_child_weight': 1, 'n_estimators': 500, 'subsample': 0.8}"
cv_4,D — HOG,LightGBM,0.8508333333333333,0.8497831064981267,0.8497831064981267,0.8513837228880624,0.8508333333333334,1503.8886287212372,3.951230764389038,0.8495641418331017,"{'colsample_bytree': 0.8, 'learning_rate': 0.1, 'max_depth': -1, 'min_child_samples': 20, 'n_estimators': 300, 'num_leaves': 15, 'subsample': 0.8}"
cv_4,D — HOG,LR,0.785,0.7832267103532947,0.7832267103532947,0.7837928966669955,0.785,68.77313923835754,0.6898090839385986,0.7829716595310637,"{'lr__C': 0.01, 'lr__class_weight': 'balanced', 'lr__l1_ratio': 0.1, 'lr__penalty': 'elasticnet'}"
cv_4,D — HOG,MLP,0.8466666666666667,0.84560755011707,0.84560755011707,0.8456663461912312,0.8466666666666667,338.18848991394043,1.0779175758361816,0.8456732934581226,"{'activation': 'relu', 'alpha': 0.0001, 'batch_size': 32, 'early_stopping': True, 'hidden_layer_sizes': (256, 128), 'learning_rate_init': 0.001, 'max_iter': 500}"
cv_4,D — HOG,ExtraTrees,0.8416666666666667,0.840069957744241,0.8400699577442411,0.8418333324584943,0.8416666666666668,107.12795805931091,3.4305784702301025,0.840051850609473,"{'criterion': 'gini', 'max_features': None, 'min_samples_leaf': 1, 'min_samples_split': 2, 'n_estimators': 500}"
cv_4,A+B,SVM,0.8491666666666666,0.8497688003271312,0.8497688003271312,0.8559321748290857,0.8491666666666667,83.46576714515686,0.10575056076049805,0.8496665050450866,"{'C': 1, 'gamma': 0.1, 'kernel': 'rbf'}"
cv_4,A+B,KNN,0.8283333333333334,0.8293448732300841,0.8293448732300842,0.8319256274427836,0.8283333333333333,3.0946474075317383,0.015281438827514648,0.8291749057717787,"{'metric': 'manhattan', 'n_neighbors': 5, 'p': 1, 'weights': 'uniform'}"
cv_4,A+B,RF,0.8383333333333334,0.8385483208859399,0.83854832088594,0.840659044111994,0.8383333333333334,8392.757780313492,0.3667564392089844,0.8384013416402254,"{'bootstrap': False, 'criterion': 'entropy', 'max_depth': None, 'max_features': 'sqrt', 'min_samples_leaf': 1, 'min_samples_split': 2, 'n_estimators': 200}"
cv_4,A+B,XGBoost,0.8433333333333334,0.8432967838507549,0.8432967838507549,0.8444515251890374,0.8433333333333334,41.96602702140808,0.5712995529174805,0.8431787252141816,"{'colsample_bytree': 0.8, 'gamma': 0.1, 'learning_rate': 0.05, 'max_depth': 4, 'min_child_weight': 1, 'n_estimators': 300, 'subsample': 0.8}"
cv_4,A+B,LightGBM,0.8408333333333333,0.8409451259600044,0.8409451259600045,0.8419156638641522,0.8408333333333333,333.1700520515442,2.766894817352295,0.8409979034232123,"{'colsample_bytree': 1.0, 'learning_rate': 0.1, 'max_depth': -1, 'min_child_samples': 10, 'n_estimators': 500, 'num_leaves': 31, 'subsample': 0.8}"
cv_4,A+B,LR,0.815,0.8150503431490028,0.8150503431490028,0.815644205754212,0.815,4.193058013916016,0.42438435554504395,0.8148375645026459,"{'lr__C': 100, 'lr__class_weight': 'balanced', 'lr__penalty': 'l1'}"
cv_4,A+B,MLP,0.8408333333333333,0.8409865543050973,0.8409865543050973,0.8414982734726854,0.8408333333333333,111.6367998123169,0.3974149227142334,0.8407023314163274,"{'activation': 'relu', 'alpha': 0.01, 'batch_size': 32, 'early_stopping': True, 'hidden_layer_sizes': (256, 128), 'learning_rate_init': 0.001, 'max_iter': 500}"
cv_4,A+B,ExtraTrees,0.8483333333333334,0.8486643963304146,0.8486643963304147,0.8512955385331988,0.8483333333333333,21.581751108169556,0.15531468391418457,0.8484025841803968,"{'criterion': 'gini', 'max_features': None, 'min_samples_leaf': 1, 'min_samples_split': 2, 'n_estimators': 100}"
cv_4,B+C(opt),SVM,0.8291666666666667,0.8291413303851115,0.8291413303851114,0.8321614464817269,0.8291666666666667,115.04404139518738,0.053366899490356445,0.8291784774385358,"{'C': 1, 'coef0': 0.5, 'degree': 2, 'gamma': 'scale', 'kernel': 'poly'}"
cv_4,B+C(opt),KNN,0.81,0.8090466936174593,0.8090466936174593,0.8158897335726604,0.81,3.5129287242889404,0.030030488967895508,0.8091800864465368,"{'metric': 'manhattan', 'n_neighbors': 9, 'p': 1, 'weights': 'distance'}"
cv_4,B+C(opt),RF,0.8216666666666667,0.821310336973574,0.8213103369735741,0.8254842796044038,0.8216666666666667,9139.72702550888,0.28688740730285645,0.8213336147984629,"{'bootstrap': False, 'criterion': 'entropy', 'max_depth': None, 'max_features': 'log2', 'min_samples_leaf': 2, 'min_samples_split': 5, 'n_estimators': 200}"
cv_4,B+C(opt),XGBoost,0.84,0.8397435626504818,0.8397435626504819,0.8415449589256051,0.84,49.14477872848511,0.6277096271514893,0.8396922636446144,"{'colsample_bytree': 1.0, 'gamma': 0, 'learning_rate': 0.1, 'max_depth': 4, 'min_child_weight': 5, 'n_estimators': 500, 'subsample': 0.8}"
cv_4,B+C(opt),LightGBM,0.8316666666666667,0.8316139492340865,0.8316139492340866,0.8341360291005216,0.8316666666666666,332.5974202156067,2.528317928314209,0.8316256045497409,"{'colsample_bytree': 1.0, 'learning_rate': 0.1, 'max_depth': -1, 'min_child_samples': 20, 'n_estimators': 500, 'num_leaves': 15, 'subsample': 0.8}"
cv_4,B+C(opt),LR,0.8041666666666667,0.8041302311640628,0.8041302311640628,0.8049664902998236,0.8041666666666667,3.792617082595825,0.12593531608581543,0.8040119081522361,"{'lr__C': 1, 'lr__class_weight': 'balanced', 'lr__penalty': 'l2'}"
cv_4,B+C(opt),MLP,0.8258333333333333,0.8258445888593188,0.8258445888593188,0.8286627731394511,0.8258333333333333,108.16861867904663,0.885077953338623,0.8259241223735839,"{'activation': 'relu', 'alpha': 0.0001, 'batch_size': 32, 'early_stopping': True, 'hidden_layer_sizes': (512, 256), 'learning_rate_init': 0.001, 'max_iter': 500}"
cv_4,B+C(opt),ExtraTrees,0.8316666666666667,0.8313876480481753,0.8313876480481752,0.8350556362490829,0.8316666666666667,22.266581773757935,0.15715312957763672,0.8312504788836487,"{'criterion': 'entropy', 'max_features': None, 'min_samples_leaf': 2, 'min_samples_split': 5, 'n_estimators': 100}"
cv_4,A+B+C(opt),SVM,0.8383333333333334,0.8390862746240219,0.839086274624022,0.8421638999632676,0.8383333333333334,141.12735867500305,0.06322312355041504,0.8390462721772338,"{'C': 1, 'coef0': 1.0, 'degree': 2, 'gamma': 'scale', 'kernel': 'poly'}"
cv_4,A+B+C(opt),KNN,0.8216666666666667,0.8214676034348165,0.8214676034348165,0.8290220711907459,0.8216666666666667,4.021275758743286,0.01595902442932129,0.8214357195406421,"{'metric': 'euclidean', 'n_neighbors': 11, 'p': 1, 'weights': 'distance'}"
cv_4,A+B+C(opt),RF,0.84,0.8401954198753293,0.8401954198753293,0.8439523506559782,0.84,10569.222713947296,0.507117748260498,0.8401460059335869,"{'bootstrap': False, 'criterion': 'entropy', 'max_depth': None, 'max_features': 'sqrt', 'min_samples_leaf': 1, 'min_samples_split': 2, 'n_estimators': 300}"
cv_4,A+B+C(opt),XGBoost,0.8433333333333334,0.8431930397512285,0.8431930397512286,0.8448796482845431,0.8433333333333333,59.82530999183655,1.0401601791381836,0.8430968163053412,"{'colsample_bytree': 0.8, 'gamma': 0, 'learning_rate': 0.1, 'max_depth': 6, 'min_child_weight': 1, 'n_estimators': 500, 'subsample': 0.8}"
cv_4,A+B+C(opt),LightGBM,0.8458333333333333,0.8459482500882817,0.8459482500882816,0.8478658369077472,0.8458333333333333,333.4295644760132,2.4370620250701904,0.845965684446528,"{'colsample_bytree': 0.8, 'learning_rate': 0.1, 'max_depth': -1, 'min_child_samples': 10, 'n_estimators': 500, 'num_leaves': 15, 'subsample': 0.8}"
cv_4,A+B+C(opt),LR,0.8175,0.8176853325527932,0.8176853325527932,0.8186007362830616,0.8174999999999999,5.797389030456543,0.470142126083374,0.8175406257019918,"{'lr__C': 1, 'lr__class_weight': 'balanced', 'lr__penalty': 'l1'}"
cv_4,A+B+C(opt),MLP,0.835,0.8348215312214976,0.8348215312214975,0.835857923236564,0.835,108.10411477088928,0.664618730545044,0.8347845742377882,"{'activation': 'relu', 'alpha': 0.01, 'batch_size': 128, 'early_stopping': True, 'hidden_layer_sizes': (512, 256), 'learning_rate_init': 0.0005, 'max_iter': 500}"
cv_4,A+B+C(opt),ExtraTrees,0.8491666666666666,0.8494461788577112,0.8494461788577112,0.8530786685561966,0.8491666666666667,23.356796741485596,0.6127591133117676,0.8492281325459937,"{'criterion': 'entropy', 'max_features': None, 'min_samples_leaf': 1, 'min_samples_split': 2, 'n_estimators': 500}"
cv_4,Full(opt),SVM,0.905,0.9047163252323611,0.9047163252323611,0.9054345672261741,0.9049999999999999,373.4013090133667,0.5512866973876953,0.9047943155290737,"{'C': 0.1, 'coef0': 0.5, 'degree': 3, 'gamma': 0.01, 'kernel': 'poly'}"
cv_4,Full(opt),KNN,0.8841666666666667,0.8831632336382783,0.8831632336382783,0.8837412185646882,0.8841666666666667,32.12040567398071,0.20586323738098145,0.8831774260977513,"{'metric': 'manhattan', 'n_neighbors': 1, 'p': 1, 'weights': 'uniform'}"
cv_4,Full(opt),RF,0.8783333333333333,0.8775078931352681,0.8775078931352681,0.8806223899704527,0.8783333333333334,113726.33611774445,2.4098687171936035,0.8775205193502505,"{'bootstrap': False, 'criterion': 'entropy', 'max_depth': None, 'max_features': 'log2', 'min_samples_leaf': 1, 'min_samples_split': 2, 'n_estimators': 800}"
cv_4,Full(opt),XGBoost,0.875,0.8748839323080526,0.8748839323080525,0.8766392847712717,0.875,1539.8771028518677,6.172799587249756,0.8748567214149068,"{'colsample_bytree': 0.8, 'gamma': 0.1, 'learning_rate': 0.1, 'max_depth': 4, 'min_child_weight': 1, 'n_estimators': 300, 'subsample': 1.0}"
cv_4,Full(opt),LightGBM,0.8775,0.8772719305438003,0.8772719305438004,0.8796186091953281,0.8775000000000001,1501.1090235710144,5.875609874725342,0.8772685325904371,"{'colsample_bytree': 0.8, 'learning_rate': 0.1, 'max_depth': -1, 'min_child_samples': 20, 'n_estimators': 500, 'num_leaves': 31, 'subsample': 0.8}"
cv_4,Full(opt),LR,0.8416666666666667,0.8413845791552287,0.8413845791552287,0.842019086736391,0.8416666666666667,86.466055393219,5.20313286781311,0.8413174661886832,"{'lr__C': 0.1, 'lr__class_weight': 'balanced', 'lr__l1_ratio': 0.5, 'lr__penalty': 'elasticnet'}"
cv_4,Full(opt),MLP,0.8833333333333333,0.8832441852712986,0.8832441852712984,0.8831850685068506,0.8833333333333333,425.50801253318787,1.420614242553711,0.8830842506227292,"{'activation': 'relu', 'alpha': 0.001, 'batch_size': 128, 'early_stopping': True, 'hidden_layer_sizes': (512, 256), 'learning_rate_init': 0.001, 'max_iter': 500}"
cv_4,Full(opt),ExtraTrees,0.8825,0.8817954291314244,0.8817954291314243,0.8859713665033118,0.8825,102.96585750579834,1.9506235122680664,0.8818074674115767,"{'criterion': 'entropy', 'max_features': None, 'min_samples_leaf': 1, 'min_samples_split': 5, 'n_estimators': 300}"
cv_5,A — Stats,SVM,0.7941666666666667,0.7956529945300487,0.7956529945300488,0.7997958980674498,0.7941666666666668,575.6852643489838,24.3709774017334,0.7955525499744527,"{'C': 100, 'coef0': 0.5, 'degree': 2, 'gamma': 1, 'kernel': 'poly'}"
cv_5,A — Stats,KNN,0.7475,0.7498769095339465,0.7498769095339465,0.7561009817671809,0.7475,1.4331793785095215,0.036678314208984375,0.749456495677747,"{'metric': 'chebyshev', 'n_neighbors': 9, 'p': 1, 'weights': 'uniform'}"
cv_5,A — Stats,RF,0.7558333333333334,0.7571827768953345,0.7571827768953344,0.7601421485198704,0.7558333333333334,7664.768431425095,0.28322839736938477,0.756824933046896,"{'bootstrap': True, 'criterion': 'entropy', 'max_depth': None, 'max_features': None, 'min_samples_leaf': 1, 'min_samples_split': 2, 'n_estimators': 100}"
cv_5,A — Stats,XGBoost,0.7625,0.7634694705601283,0.7634694705601284,0.7655355432799925,0.7624999999999998,21.61110234260559,0.4781229496002197,0.7631087427068748,"{'colsample_bytree': 1.0, 'gamma': 0, 'learning_rate': 0.1, 'max_depth': 4, 'min_child_weight': 1, 'n_estimators': 500, 'subsample': 0.8}"
cv_5,A — Stats,LightGBM,0.76,0.761114632545047,0.7611146325450469,0.7629217770381548,0.7600000000000001,443.3859751224518,2.234043836593628,0.7609348199468823,"{'colsample_bytree': 1.0, 'learning_rate': 0.05, 'max_depth': -1, 'min_child_samples': 20, 'n_estimators': 300, 'num_leaves': 15, 'subsample': 0.8}"
cv_5,A — Stats,LR,0.7625,0.76257481648786,0.76257481648786,0.7638486852865937,0.7625000000000001,2.3822178840637207,0.2203960418701172,0.7622003728493678,"{'lr__C': 100, 'lr__class_weight': 'balanced', 'lr__penalty': 'l1'}"
cv_5,A — Stats,MLP,0.7708333333333334,0.7717209842105315,0.7717209842105314,0.7754640476230525,0.7708333333333334,128.78832864761353,1.3454840183258057,0.7710344384725569,"{'activation': 'relu', 'alpha': 0.01, 'batch_size': 64, 'early_stopping': True, 'hidden_layer_sizes': (512, 256), 'learning_rate_init': 0.001, 'max_iter': 500}"
cv_5,A — Stats,ExtraTrees,0.7541666666666667,0.7560807141425746,0.7560807141425747,0.7604227610247708,0.7541666666666668,24.0153386592865,0.5307252407073975,0.7561217431577079,"{'criterion': 'gini', 'max_features': None, 'min_samples_leaf': 1, 'min_samples_split': 2, 'n_estimators': 500}"
cv_5,B — Tex(opt),SVM,0.8216666666666667,0.8215221056698804,0.8215221056698805,0.821954157988896,0.8216666666666667,453.24437046051025,0.4972808361053467,0.8214921491586464,"{'C': 100, 'coef0': 1.0, 'degree': 3, 'gamma': 0.01, 'kernel': 'poly'}"
cv_5,B — Tex(opt),KNN,0.7866666666666666,0.7862423232689713,0.7862423232689713,0.7904970696015002,0.7866666666666666,2.158731698989868,0.06333398818969727,0.7860596492786351,"{'metric': 'minkowski', 'n_neighbors': 11, 'p': 4, 'weights': 'distance'}"
cv_5,B — Tex(opt),RF,0.8008333333333333,0.8004618335295742,0.8004618335295741,0.8020963577711266,0.8008333333333333,9379.34018111229,1.4918980598449707,0.8002778698632905,"{'bootstrap': False, 'criterion': 'entropy', 'max_depth': 20, 'max_features': 'sqrt', 'min_samples_leaf': 1, 'min_samples_split': 2, 'n_estimators': 800}"
cv_5,B — Tex(opt),XGBoost,0.8116666666666666,0.8114530260539573,0.8114530260539573,0.8132713623373885,0.8116666666666665,35.00490593910217,0.2972376346588135,0.8115587642357832,"{'colsample_bytree': 0.8, 'gamma': 0.1, 'learning_rate': 0.1, 'max_depth': 6, 'min_child_weight': 1, 'n_estimators': 100, 'subsample': 0.8}"
cv_5,B — Tex(opt),LightGBM,0.8091666666666667,0.8091770175632808,0.8091770175632809,0.8112799549749696,0.8091666666666667,436.4643371105194,3.8386073112487793,0.8093401318435831,"{'colsample_bytree': 0.8, 'learning_rate': 0.1, 'max_depth': -1, 'min_child_samples': 10, 'n_estimators': 500, 'num_leaves': 31, 'subsample': 0.8}"
cv_5,B — Tex(opt),LR,0.7833333333333333,0.7830820318170971,0.7830820318170971,0.783489397763173,0.7833333333333333,1.4235517978668213,0.04908943176269531,0.7829327920901689,"{'lr__C': 1, 'lr__class_weight': 'balanced', 'lr__penalty': 'l2'}"
cv_5,B — Tex(opt),MLP,0.8141666666666667,0.8146094388509058,0.8146094388509058,0.8192889675082639,0.8141666666666666,143.7789580821991,0.6833398342132568,0.8146390079065906,"{'activation': 'relu', 'alpha': 0.0001, 'batch_size': 128, 'early_stopping': True, 'hidden_layer_sizes': (512, 256), 'learning_rate_init': 0.001, 'max_iter': 500}"
cv_5,B — Tex(opt),ExtraTrees,0.8058333333333333,0.805871647427333,0.8058716474273331,0.8078741207140224,0.8058333333333333,26.06176519393921,0.6229441165924072,0.8057503324777906,"{'criterion': 'gini', 'max_features': None, 'min_samples_leaf': 1, 'min_samples_split': 5, 'n_estimators': 500}"
cv_5,C — DWT(opt),SVM,0.7291666666666666,0.7293105392076485,0.7293105392076485,0.7316806080851025,0.7291666666666666,606.4848878383636,0.1717519760131836,0.7291476151680905,"{'C': 1, 'coef0': 0.5, 'degree': 3, 'gamma': 'auto', 'kernel': 'poly'}"
cv_5,C — DWT(opt),KNN,0.695,0.6933204382044619,0.6933204382044619,0.6956679718509546,0.695,2.077500820159912,0.0315089225769043,0.6938666507175789,"{'metric': 'manhattan', 'n_neighbors': 15, 'p': 1, 'weights': 'distance'}"
cv_5,C — DWT(opt),RF,0.7266666666666667,0.7254211440212673,0.7254211440212674,0.7260158863358512,0.7266666666666667,8509.44417977333,1.6799979209899902,0.7250553635004633,"{'bootstrap': False, 'criterion': 'entropy', 'max_depth': None, 'max_features': 'sqrt', 'min_samples_leaf': 2, 'min_samples_split': 2, 'n_estimators': 1000}"
cv_5,C — DWT(opt),XGBoost,0.7275,0.7269632374869638,0.7269632374869637,0.7270427906203768,0.7275,29.49267268180847,0.4359710216522217,0.7264241497061014,"{'colsample_bytree': 0.8, 'gamma': 0.1, 'learning_rate': 0.05, 'max_depth': 6, 'min_child_weight': 5, 'n_estimators': 300, 'subsample': 0.8}"
cv_5,C — DWT(opt),LightGBM,0.7325,0.7314646154352061,0.7314646154352059,0.7317592343368283,0.7324999999999999,453.42524576187134,0.7327439785003662,0.7309705095656482,"{'colsample_bytree': 0.8, 'learning_rate': 0.05, 'max_depth': -1, 'min_child_samples': 20, 'n_estimators': 100, 'num_leaves': 15, 'subsample': 0.8}"
cv_5,C — DWT(opt),LR,0.7075,0.7068456394341771,0.7068456394341772,0.7074691416296659,0.7075,0.8713119029998779,0.018334627151489258,0.706730531915887,"{'lr__C': 1, 'lr__class_weight': 'balanced', 'lr__penalty': 'l2'}"
cv_5,C — DWT(opt),MLP,0.7291666666666666,0.7290780329976378,0.729078032997638,0.7304588738217284,0.7291666666666666,135.66749739646912,1.7305774688720703,0.7287387771956213,"{'activation': 'tanh', 'alpha': 0.01, 'batch_size': 32, 'early_stopping': True, 'hidden_layer_sizes': (512, 256), 'learning_rate_init': 0.001, 'max_iter': 500}"
cv_5,C — DWT(opt),ExtraTrees,0.7425,0.7407952477594787,0.7407952477594787,0.7421955284433048,0.7425,25.08901333808899,0.6121056079864502,0.7407418057043815,"{'criterion': 'entropy', 'max_features': None, 'min_samples_leaf': 1, 'min_samples_split': 2, 'n_estimators': 500}"
cv_5,D — HOG,SVM,0.8783333333333333,0.8774352491166649,0.8774352491166649,0.8780235322258427,0.8783333333333333,502.8419187068939,0.6006700992584229,0.8772040138264297,"{'C': 0.1, 'coef0': 1.0, 'degree': 3, 'gamma': 0.01, 'kernel': 'poly'}"
cv_5,D — HOG,KNN,0.8558333333333333,0.8543773077205249,0.8543773077205249,0.8550332754957538,0.8558333333333333,32.40501141548157,0.19086003303527832,0.8540554927325598,"{'metric': 'manhattan', 'n_neighbors': 1, 'p': 1, 'weights': 'uniform'}"
cv_5,D — HOG,RF,0.8425,0.8410204822411389,0.8410204822411388,0.8423846017641576,0.8424999999999999,154557.0297460556,2.929933547973633,0.8409042334302892,"{'bootstrap': False, 'criterion': 'gini', 'max_depth': None, 'max_features': 'sqrt', 'min_samples_leaf': 1, 'min_samples_split': 2, 'n_estimators': 500}"
cv_5,D — HOG,XGBoost,0.8475,0.8464223964732661,0.8464223964732661,0.8476431801283478,0.8475,1952.9666254520416,10.68823504447937,0.8464426915314837,"{'colsample_bytree': 1.0, 'gamma': 0, 'learning_rate': 0.1, 'max_depth': 3, 'min_child_weight': 1, 'n_estimators': 500, 'subsample': 0.8}"
cv_5,D — HOG,LightGBM,0.8466666666666667,0.8452799965571757,0.8452799965571757,0.8470315896137809,0.8466666666666667,1935.6337246894836,4.761059284210205,0.8452004578502905,"{'colsample_bytree': 0.8, 'learning_rate': 0.1, 'max_depth': 6, 'min_child_samples': 20, 'n_estimators': 300, 'num_leaves': 15, 'subsample': 0.8}"
cv_5,D — HOG,LR,0.7825,0.7808908092742679,0.780890809274268,0.780876203793122,0.7825000000000001,91.45030927658081,0.4952046871185303,0.7804927562300565,"{'lr__C': 0.01, 'lr__class_weight': 'balanced', 'lr__penalty': 'l2'}"
cv_5,D — HOG,MLP,0.84,0.8385689326475938,0.8385689326475938,0.8393060277699315,0.84,454.32253551483154,0.9420566558837891,0.8384935848018502,"{'activation': 'relu', 'alpha': 0.01, 'batch_size': 32, 'early_stopping': True, 'hidden_layer_sizes': (256, 128), 'learning_rate_init': 0.001, 'max_iter': 500}"
cv_5,D — HOG,ExtraTrees,0.84,0.8384680244321504,0.8384680244321506,0.8404937357474808,0.84,140.3557059764862,4.413571119308472,0.8384816997323178,"{'criterion': 'gini', 'max_features': None, 'min_samples_leaf': 1, 'min_samples_split': 2, 'n_estimators': 500}"
cv_5,A+B,SVM,0.8466666666666667,0.8474524671312246,0.8474524671312247,0.8496607946396909,0.8466666666666667,105.27586936950684,0.07667279243469238,0.8473751371504097,"{'C': 10, 'coef0': 1.0, 'degree': 3, 'gamma': 0.01, 'kernel': 'poly'}"
cv_5,A+B,KNN,0.8325,0.8325757591342776,0.8325757591342777,0.8360845314427126,0.8325,2.778616189956665,0.03176259994506836,0.8324876609813918,"{'metric': 'manhattan', 'n_neighbors': 5, 'p': 1, 'weights': 'distance'}"
cv_5,A+B,RF,0.8391666666666666,0.8392257225089249,0.8392257225089249,0.8423249896973716,0.8391666666666667,12132.20688033104,0.20925664901733398,0.8391963104685363,"{'bootstrap': True, 'criterion': 'entropy', 'max_depth': None, 'max_features': 'log2', 'min_samples_leaf': 1, 'min_samples_split': 2, 'n_estimators': 100}"
cv_5,A+B,XGBoost,0.845,0.8453365263949598,0.84533652639496,0.8481416731416731,0.8450000000000001,54.97247862815857,1.4509179592132568,0.845479740423106,"{'colsample_bytree': 1.0, 'gamma': 0, 'learning_rate': 0.05, 'max_depth': 6, 'min_child_weight': 1, 'n_estimators': 500, 'subsample': 0.8}"
cv_5,A+B,LightGBM,0.8408333333333333,0.8413063856376249,0.841306385637625,0.8440874097029343,0.8408333333333333,425.5903744697571,1.4058611392974854,0.8412911000223706,"{'colsample_bytree': 0.8, 'learning_rate': 0.1, 'max_depth': -1, 'min_child_samples': 20, 'n_estimators': 100, 'num_leaves': 31, 'subsample': 0.8}"
cv_5,A+B,LR,0.8183333333333334,0.8184639566249374,0.8184639566249373,0.8194561994254527,0.8183333333333334,5.639176845550537,0.4621434211730957,0.8184172833120684,"{'lr__C': 100, 'lr__class_weight': 'balanced', 'lr__penalty': 'l1'}"
cv_5,A+B,MLP,0.8508333333333333,0.8508243558198646,0.8508243558198645,0.8540079055072457,0.8508333333333334,152.4949176311493,0.5966606140136719,0.8509202842585222,"{'activation': 'relu', 'alpha': 0.01, 'batch_size': 128, 'early_stopping': True, 'hidden_layer_sizes': (512, 256), 'learning_rate_init': 0.001, 'max_iter': 500}"
cv_5,A+B,ExtraTrees,0.8433333333333334,0.8437015427921694,0.8437015427921694,0.8465868901980649,0.8433333333333333,27.502764463424683,0.42263364791870117,0.8437125238805262,"{'criterion': 'gini', 'max_features': None, 'min_samples_leaf': 1, 'min_samples_split': 5, 'n_estimators': 300}"
cv_5,B+C(opt),SVM,0.8308333333333333,0.8310101837978067,0.8310101837978067,0.8340791889478041,0.8308333333333334,133.04263591766357,0.05808138847351074,0.830898685900636,"{'C': 1, 'coef0': 1.0, 'degree': 4, 'gamma': 0.01, 'kernel': 'poly'}"
cv_5,B+C(opt),KNN,0.8066666666666666,0.8059806046098231,0.8059806046098231,0.8133250036912725,0.8066666666666666,2.9732272624969482,0.012781381607055664,0.8059613062904845,"{'metric': 'manhattan', 'n_neighbors': 11, 'p': 1, 'weights': 'distance'}"
cv_5,B+C(opt),RF,0.8183333333333334,0.8182290879708344,0.8182290879708344,0.822362377863402,0.8183333333333334,13405.720003604889,0.4713099002838135,0.8183084809815618,"{'bootstrap': False, 'criterion': 'entropy', 'max_depth': 10, 'max_features': 'log2', 'min_samples_leaf': 1, 'min_samples_split': 5, 'n_estimators': 300}"
cv_5,B+C(opt),XGBoost,0.8425,0.8425291853518471,0.8425291853518472,0.844881050364434,0.8424999999999999,63.85754704475403,0.5866434574127197,0.8424551715102476,"{'colsample_bytree': 1.0, 'gamma': 0, 'learning_rate': 0.1, 'max_depth': 6, 'min_child_weight': 5, 'n_estimators': 300, 'subsample': 0.8}"
cv_5,B+C(opt),LightGBM,0.8333333333333334,0.8330473643881188,0.8330473643881187,0.8384776655150169,0.8333333333333334,424.841139793396,2.994546413421631,0.8328237079429563,"{'colsample_bytree': 0.8, 'learning_rate': 0.1, 'max_depth': -1, 'min_child_samples': 10, 'n_estimators': 300, 'num_leaves': 31, 'subsample': 0.8}"
cv_5,B+C(opt),LR,0.8,0.8000147693684784,0.8000147693684784,0.8011769173231338,0.7999999999999999,5.39580225944519,0.3883347511291504,0.7995984706136625,"{'lr__C': 1, 'lr__class_weight': 'balanced', 'lr__l1_ratio': 0.5, 'lr__penalty': 'elasticnet'}"
cv_5,B+C(opt),MLP,0.8425,0.8427546584926572,0.8427546584926572,0.844667859723962,0.8424999999999999,151.54114699363708,1.4869141578674316,0.8422947703138746,"{'activation': 'relu', 'alpha': 0.01, 'batch_size': 32, 'early_stopping': True, 'hidden_layer_sizes': (512, 256), 'learning_rate_init': 0.0005, 'max_iter': 500}"
cv_5,B+C(opt),ExtraTrees,0.8325,0.8327448066999157,0.8327448066999158,0.8384044150572231,0.8325,28.429527044296265,0.37471747398376465,0.832778883619269,"{'criterion': 'entropy', 'max_features': None, 'min_samples_leaf': 2, 'min_samples_split': 2, 'n_estimators': 300}"
cv_5,A+B+C(opt),SVM,0.8416666666666667,0.8428504167461983,0.8428504167461984,0.8465163282738682,0.8416666666666668,196.4159450531006,0.07098031044006348,0.8428442551845482,"{'C': 0.1, 'coef0': 0.5, 'degree': 3, 'gamma': 0.1, 'kernel': 'poly'}"
cv_5,A+B+C(opt),KNN,0.8216666666666667,0.8215002849535304,0.8215002849535306,0.8272043426173492,0.8216666666666667,3.4250383377075195,0.015635013580322266,0.821785545828126,"{'metric': 'euclidean', 'n_neighbors': 9, 'p': 1, 'weights': 'uniform'}"
cv_5,A+B+C(opt),RF,0.8383333333333334,0.8384573157940105,0.8384573157940104,0.8411094476333988,0.8383333333333333,15666.447544336319,0.14017796516418457,0.8384148366922222,"{'bootstrap': False, 'criterion': 'entropy', 'max_depth': 10, 'max_features': 'log2', 'min_samples_leaf': 2, 'min_samples_split': 2, 'n_estimators': 50}"
cv_5,A+B+C(opt),XGBoost,0.8475,0.8474561454830795,0.8474561454830795,0.8487468693714627,0.8475,77.69776058197021,1.014310359954834,0.8473488626311475,"{'colsample_bytree': 1.0, 'gamma': 0, 'learning_rate': 0.1, 'max_depth': 4, 'min_child_weight': 1, 'n_estimators': 500, 'subsample': 0.8}"
cv_5,A+B+C(opt),LightGBM,0.8466666666666667,0.8467576712079755,0.8467576712079756,0.8495833058718986,0.8466666666666667,421.8362445831299,0.7819390296936035,0.8467573839266358,"{'colsample_bytree': 1.0, 'learning_rate': 0.1, 'max_depth': -1, 'min_child_samples': 20, 'n_estimators': 100, 'num_leaves': 15, 'subsample': 0.8}"
cv_5,A+B+C(opt),LR,0.815,0.8152540743273572,0.8152540743273572,0.8158022915061353,0.8150000000000001,7.516568422317505,0.559798002243042,0.8149072151322031,"{'lr__C': 1, 'lr__class_weight': 'balanced', 'lr__l1_ratio': 0.5, 'lr__penalty': 'elasticnet'}"
cv_5,A+B+C(opt),MLP,0.8425,0.8425789838530279,0.8425789838530278,0.8439136800772021,0.8424999999999999,146.17615699768066,0.6177215576171875,0.842497801827774,"{'activation': 'relu', 'alpha': 0.0001, 'batch_size': 128, 'early_stopping': True, 'hidden_layer_sizes': (512, 256, 128), 'learning_rate_init': 0.001, 'max_iter': 500}"
cv_5,A+B+C(opt),ExtraTrees,0.845,0.845324996106223,0.845324996106223,0.8491004360526667,0.8450000000000001,30.028238773345947,0.7077045440673828,0.8452270603307266,"{'criterion': 'entropy', 'max_features': None, 'min_samples_leaf': 1, 'min_samples_split': 2, 'n_estimators': 500}"
cv_5,Full(opt),SVM,0.9016666666666666,0.9012675783640697,0.9012675783640697,0.9016322753160194,0.9016666666666667,559.5165185928345,0.5388720035552979,0.9013311801092587,"{'C': 10, 'coef0': 0.5, 'degree': 2, 'gamma': 'scale', 'kernel': 'poly'}"
cv_5,Full(opt),KNN,0.89,0.8891218735283641,0.889121873528364,0.8900571104821919,0.89,34.72106313705444,0.18829131126403809,0.8888878844477588,"{'metric': 'manhattan', 'n_neighbors': 1, 'p': 1, 'weights': 'uniform'}"
cv_5,Full(opt),RF,0.8783333333333333,0.8778276032134525,0.8778276032134525,0.8821355257140278,0.8783333333333334,153257.3096599579,0.7644186019897461,0.877802385336331,"{'bootstrap': False, 'criterion': 'entropy', 'max_depth': 10, 'max_features': 'sqrt', 'min_samples_leaf': 2, 'min_samples_split': 2, 'n_estimators': 100}"
cv_5,Full(opt),XGBoost,0.8775,0.8776027568881121,0.8776027568881121,0.8796428770664427,0.8775,2007.0586810112,10.915942192077637,0.8775471302481735,"{'colsample_bytree': 0.8, 'gamma': 0, 'learning_rate': 0.1, 'max_depth': 4, 'min_child_weight': 1, 'n_estimators': 500, 'subsample': 0.8}"
cv_5,Full(opt),LightGBM,0.8791666666666667,0.8791494848829169,0.8791494848829168,0.8814247782560735,0.8791666666666668,1830.0415415763855,5.407344579696655,0.8790986970910633,"{'colsample_bytree': 1.0, 'learning_rate': 0.1, 'max_depth': -1, 'min_child_samples': 20, 'n_estimators': 300, 'num_leaves': 15, 'subsample': 0.8}"
cv_5,Full(opt),LR,0.8458333333333333,0.8458067895685959,0.8458067895685959,0.8483974485338931,0.8458333333333333,113.71914291381836,6.36070704460144,0.8459321230652508,"{'lr__C': 0.1, 'lr__class_weight': 'balanced', 'lr__penalty': 'l1'}"
cv_5,Full(opt),MLP,0.8783333333333333,0.8774783328966228,0.8774783328966229,0.8781621196371717,0.8783333333333333,514.730651140213,0.8438053131103516,0.8775806352864202,"{'activation': 'relu', 'alpha': 0.0001, 'batch_size': 64, 'early_stopping': True, 'hidden_layer_sizes': (256, 128), 'learning_rate_init': 0.0005, 'max_iter': 500}"
cv_5,Full(opt),ExtraTrees,0.8833333333333333,0.8829270635993325,0.8829270635993324,0.8865465653760195,0.8833333333333333,137.13870334625244,4.156254053115845,0.8828898945454128,"{'criterion': 'gini', 'max_features': None, 'min_samples_leaf': 1, 'min_samples_split': 5, 'n_estimators': 500}"
